PassengerId,Survived,Pclass,Name,Sex,Age,SibSp,Parch,Ticket,Fare,Cabin,Embarked,confounder,random,continous1,continous2
1,0,3,"Braund, Mr. Owen Harris",male,22.0,1,0,A/5 21171,7.25,,S,1,25,0.9625706707710004,10.488914034240796
2,1,1,"Cumings, Mrs. John Bradley (Florence Briggs Thayer)",female,38.0,1,0,PC 17599,71.2833,C85,C,1,40,3.322120656143459,18.280115916024304
3,1,3,"Heikkinen, Miss. Laina",female,26.0,0,0,STON/O2. 3101282,7.925,,S,0,7,0.30508137645217204,9.486302963165679
4,1,1,"Futrelle, Mrs. Jacques Heath (Lily May Peel)",female,35.0,1,0,113803,53.1,C123,S,1,40,1.1912740119951608,12.397594968734083
5,0,3,"Allen, Mr. William Henry",male,35.0,0,0,373450,8.05,,S,1,93,0.3887716792958482,4.755604708570925
6,0,3,"Moran, Mr. James",male,,0,0,330877,8.4583,,Q,1,51,3.2308856724264436,16.970403665294917
7,0,1,"McCarthy, Mr. Timothy J",male,54.0,0,0,17463,51.8625,E46,S,0,47,3.805449891042601,0.48239130157019106
8,0,3,"Palsson, Master. Gosta Leonard",male,2.0,3,1,349909,21.075,,S,1,21,3.840433929934659,1.1830581454999196
9,1,3,"Johnson, Mrs. Oscar W (Elisabeth Vilhelmina Berg)",female,27.0,0,2,347742,11.1333,,S,0,72,0.8925280368184181,16.581761782176102
10,1,2,"Nasser, Mrs. Nicholas (Adele Achem)",female,14.0,1,0,237736,30.0708,,C,0,7,2.7746822470937587,0.3856055674448957
11,1,3,"Sandstrom, Miss. Marguerite Rut",female,4.0,1,1,PP 9549,16.7,G6,S,0,52,2.6946384435989903,0.8732588560659542
12,1,1,"Bonnell, Miss. Elizabeth",female,58.0,0,0,113783,26.55,C103,S,0,70,2.3013615571705244,21.783981765250303
13,0,3,"Saundercock, Mr. William Henry",male,20.0,0,0,A/5. 2151,8.05,,S,1,19,3.7523210309491684,8.111205457237372
14,0,3,"Andersson, Mr. Anders Johan",male,39.0,1,5,347082,31.275,,S,1,51,1.1624567045643266,0.04532001859020807
15,0,3,"Vestrom, Miss. Hulda Amanda Adolfina",female,14.0,0,0,350406,7.8542,,S,0,85,1.8517571803575046,17.944772658417083
16,1,2,"Hewlett, Mrs. (Mary D Kingcome) ",female,55.0,0,0,248706,16.0,,S,1,24,0.15141227981559036,19.573674499375876
17,0,3,"Rice, Master. Eugene",male,2.0,4,1,382652,29.125,,Q,0,27,1.9167033015333832,19.595662483430925
18,1,2,"Williams, Mr. Charles Eugene",male,,0,0,244373,13.0,,S,0,41,2.7955428880500013,21.499839676960914
19,0,3,"Vander Planke, Mrs. Julius (Emelia Maria Vandemoortele)",female,31.0,1,0,345763,18.0,,S,1,44,1.618815098180694,17.359197185129293
20,1,3,"Masselmani, Mrs. Fatima",female,,0,0,2649,7.225,,C,0,3,3.7844996747524924,3.0791516569928565
21,0,2,"Fynney, Mr. Joseph J",male,35.0,0,0,239865,26.0,,S,0,11,0.03523794863026586,19.27044605887946
22,1,2,"Beesley, Mr. Lawrence",male,34.0,0,0,248698,13.0,D56,S,1,42,0.9923644704149992,17.01581135649711
23,1,3,"McGowan, Miss. Anna ""Annie""",female,15.0,0,0,330923,8.0292,,Q,1,43,1.7381195822024988,20.573132987901523
24,1,1,"Sloper, Mr. William Thompson",male,28.0,0,0,113788,35.5,A6,S,0,53,0.407299797726667,7.179069944207386
25,0,3,"Palsson, Miss. Torborg Danira",female,8.0,3,1,349909,21.075,,S,1,57,0.5507643570748186,15.884893260382063
26,1,3,"Asplund, Mrs. Carl Oscar (Selma Augusta Emilia Johansson)",female,38.0,1,5,347077,31.3875,,S,0,27,3.090468517094665,5.922627796049488
27,0,3,"Emir, Mr. Farred Chehab",male,,0,0,2631,7.225,,C,1,56,3.6773051393600227,4.802535026188377
28,0,1,"Fortune, Mr. Charles Alexander",male,19.0,3,2,19950,263.0,C23 C25 C27,S,0,3,2.290814042831227,20.830480492256527
29,1,3,"O'Dwyer, Miss. Ellen ""Nellie""",female,,0,0,330959,7.8792,,Q,0,9,3.5860604147756447,8.936694431343463
30,0,3,"Todoroff, Mr. Lalio",male,,0,0,349216,7.8958,,S,1,84,1.096218477351786,18.95068245937218
31,0,1,"Uruchurtu, Don. Manuel E",male,40.0,0,0,PC 17601,27.7208,,C,0,57,2.8402744051390694,16.21803601884793
32,1,1,"Spencer, Mrs. William Augustus (Marie Eugenie)",female,,1,0,PC 17569,146.5208,B78,C,0,75,2.7230055936606288,14.611795141296483
33,1,3,"Glynn, Miss. Mary Agatha",female,,0,0,335677,7.75,,Q,0,63,2.954904913862156,20.199526307059095
34,0,2,"Wheadon, Mr. Edward H",male,66.0,0,0,C.A. 24579,10.5,,S,0,1,2.3994696345836815,1.1677562034479916
35,0,1,"Meyer, Mr. Edgar Joseph",male,28.0,1,0,PC 17604,82.1708,,C,1,96,3.221399539022445,13.30573675253317
36,0,1,"Holverson, Mr. Alexander Oskar",male,42.0,1,0,113789,52.0,,S,1,91,3.375571238756499,17.081894509703705
37,1,3,"Mamee, Mr. Hanna",male,,0,0,2677,7.2292,,C,1,88,3.586462887284153,6.077799181623461
38,0,3,"Cann, Mr. Ernest Charles",male,21.0,0,0,A./5. 2152,8.05,,S,0,11,1.816899301480595,9.502352948032817
39,0,3,"Vander Planke, Miss. Augusta Maria",female,18.0,2,0,345764,18.0,,S,1,86,2.029409124544254,3.8825277932340163
40,1,3,"Nicola-Yarred, Miss. Jamila",female,14.0,1,0,2651,11.2417,,C,0,13,2.9885502321289694,10.081505506035821
41,0,3,"Ahlin, Mrs. Johan (Johanna Persdotter Larsson)",female,40.0,1,0,7546,9.475,,S,0,66,0.3480852540669961,15.473489302626419
42,0,2,"Turpin, Mrs. William John Robert (Dorothy Ann Wonnacott)",female,27.0,1,0,11668,21.0,,S,1,55,2.1255405220284143,20.211448142269305
43,0,3,"Kraeff, Mr. Theodor",male,,0,0,349253,7.8958,,C,1,52,0.9496237537220802,14.347137612194308
44,1,2,"Laroche, Miss. Simonne Marie Anne Andree",female,3.0,1,2,SC/Paris 2123,41.5792,,C,1,68,0.5755819245561078,12.17057464485632
45,1,3,"Devaney, Miss. Margaret Delia",female,19.0,0,0,330958,7.8792,,Q,1,28,3.9825961019945324,1.9768620998834598
46,0,3,"Rogers, Mr. William John",male,,0,0,S.C./A.4. 23567,8.05,,S,1,59,3.730725651727736,4.4052401185830075
47,0,3,"Lennon, Mr. Denis",male,,1,0,370371,15.5,,Q,1,15,0.23949548097838846,17.518117018436545
48,1,3,"O'Driscoll, Miss. Bridget",female,,0,0,14311,7.75,,Q,0,0,0.2747820662490259,14.78222505674011
49,0,3,"Samaan, Mr. Youssef",male,,2,0,2662,21.6792,,C,1,57,2.673525132911868,8.684485556984981
50,0,3,"Arnold-Franchi, Mrs. Josef (Josefine Franchi)",female,18.0,1,0,349237,17.8,,S,0,44,1.0953172663751065,2.5555125192645027
51,0,3,"Panula, Master. Juha Niilo",male,7.0,4,1,3101295,39.6875,,S,0,24,2.4668048308176767,10.105868076351436
52,0,3,"Nosworthy, Mr. Richard Cater",male,21.0,0,0,A/4. 39886,7.8,,S,0,5,1.044464041086599,14.702011319836203
53,1,1,"Harper, Mrs. Henry Sleeper (Myna Haxtun)",female,49.0,1,0,PC 17572,76.7292,D33,C,0,59,1.1789663843489904,21.559766779364065
54,1,2,"Faunthorpe, Mrs. Lizzie (Elizabeth Anne Wilkinson)",female,29.0,1,0,2926,26.0,,S,0,46,3.946556751601924,17.24712779625702
55,0,1,"Ostby, Mr. Engelhart Cornelius",male,65.0,0,1,113509,61.9792,B30,C,1,95,1.1561903158730233,10.315523238671176
56,1,1,"Woolner, Mr. Hugh",male,,0,0,19947,35.5,C52,S,0,4,3.972593862063745,17.77435449354853
57,1,2,"Rugg, Miss. Emily",female,21.0,0,0,C.A. 31026,10.5,,S,1,55,0.37966622024143737,9.206442904970558
58,0,3,"Novel, Mr. Mansouer",male,28.5,0,0,2697,7.2292,,C,0,50,3.077685731449149,4.37614824322598
59,1,2,"West, Miss. Constance Mirium",female,5.0,1,2,C.A. 34651,27.75,,S,1,45,2.5453679371335696,16.02943517529577
60,0,3,"Goodwin, Master. William Frederick",male,11.0,5,2,CA 2144,46.9,,S,0,98,0.9171834878897398,3.1629569340349013
61,0,3,"Sirayanian, Mr. Orsen",male,22.0,0,0,2669,7.2292,,C,0,37,3.654234291642775,3.3078065971009645
62,1,1,"Icard, Miss. Amelie",female,38.0,0,0,113572,80.0,B28,,1,63,2.1203922708663323,4.9953649160943
63,0,1,"Harris, Mr. Henry Birkhardt",male,45.0,1,0,36973,83.475,C83,S,0,52,2.698617741033979,6.002474946404314
64,0,3,"Skoog, Master. Harald",male,4.0,3,2,347088,27.9,,S,1,90,0.7136738804580496,17.098988128797828
65,0,1,"Stewart, Mr. Albert A",male,,0,0,PC 17605,27.7208,,C,0,45,3.094462353585889,20.21789003485638
66,1,3,"Moubarek, Master. Gerios",male,,1,1,2661,15.2458,,C,1,46,2.7401971631459126,9.474149956225057
67,1,2,"Nye, Mrs. (Elizabeth Ramell)",female,29.0,0,0,C.A. 29395,10.5,F33,S,0,26,3.3511918166747674,9.128063562875763
68,0,3,"Crease, Mr. Ernest James",male,19.0,0,0,S.P. 3464,8.1583,,S,1,55,0.22017122033926118,10.889351057846742
69,1,3,"Andersson, Miss. Erna Alexandra",female,17.0,4,2,3101281,7.925,,S,0,18,3.6785548527375727,5.893171861371329
70,0,3,"Kink, Mr. Vincenz",male,26.0,2,0,315151,8.6625,,S,1,24,0.7590285283392095,6.919810320376889
71,0,2,"Jenkin, Mr. Stephen Curnow",male,32.0,0,0,C.A. 33111,10.5,,S,0,75,0.5940633750495601,18.86925074795428
72,0,3,"Goodwin, Miss. Lillian Amy",female,16.0,5,2,CA 2144,46.9,,S,0,33,0.5999862106308438,0.6736704595723919
73,0,2,"Hood, Mr. Ambrose Jr",male,21.0,0,0,S.O.C. 14879,73.5,,S,0,26,1.1621206863367113,5.655543133520149
74,0,3,"Chronopoulos, Mr. Apostolos",male,26.0,1,0,2680,14.4542,,C,0,86,1.1077249700656058,14.002214361776684
75,1,3,"Bing, Mr. Lee",male,32.0,0,0,1601,56.4958,,S,1,72,3.984208264010701,0.4290909316270388
76,0,3,"Moen, Mr. Sigurd Hansen",male,25.0,0,0,348123,7.65,F G73,S,1,72,1.3609050001096592,4.033672240259097
77,0,3,"Staneff, Mr. Ivan",male,,0,0,349208,7.8958,,S,1,46,0.6000771458680396,16.827554102975284
78,0,3,"Moutal, Mr. Rahamin Haim",male,,0,0,374746,8.05,,S,0,53,0.7192666295066541,19.258228719897467
79,1,2,"Caldwell, Master. Alden Gates",male,0.83,0,2,248738,29.0,,S,0,27,0.8226440321405666,13.942565713777167
80,1,3,"Dowdell, Miss. Elizabeth",female,30.0,0,0,364516,12.475,,S,0,83,2.69190025570487,21.413379364000555
81,0,3,"Waelens, Mr. Achille",male,22.0,0,0,345767,9.0,,S,0,20,1.496088101067289,8.9363077449261
82,1,3,"Sheerlinck, Mr. Jan Baptist",male,29.0,0,0,345779,9.5,,S,0,51,3.911089060612032,16.259079626177524
83,1,3,"McDermott, Miss. Brigdet Delia",female,,0,0,330932,7.7875,,Q,0,46,0.9457534739354974,10.953118152509889
84,0,1,"Carrau, Mr. Francisco M",male,28.0,0,0,113059,47.1,,S,1,20,0.5174829757664141,17.957565228276714
85,1,2,"Ilett, Miss. Bertha",female,17.0,0,0,SO/C 14885,10.5,,S,0,76,2.099712095527385,7.3537778984286435
86,1,3,"Backstrom, Mrs. Karl Alfred (Maria Mathilda Gustafsson)",female,33.0,3,0,3101278,15.85,,S,0,10,2.829530441958259,21.927648852273126
87,0,3,"Ford, Mr. William Neal",male,16.0,1,3,W./C. 6608,34.375,,S,1,83,2.3627309555605045,2.0152994389977064
88,0,3,"Slocovski, Mr. Selman Francis",male,,0,0,SOTON/OQ 392086,8.05,,S,1,8,2.322916342250338,0.8325881451103165
89,1,1,"Fortune, Miss. Mabel Helen",female,23.0,3,2,19950,263.0,C23 C25 C27,S,1,13,0.44279562218939317,19.55878397251523
90,0,3,"Celotti, Mr. Francesco",male,24.0,0,0,343275,8.05,,S,1,28,0.5959015374985439,15.175765399905114
91,0,3,"Christmann, Mr. Emil",male,29.0,0,0,343276,8.05,,S,1,2,1.9859453501135982,1.1725199887006048
92,0,3,"Andreasson, Mr. Paul Edvin",male,20.0,0,0,347466,7.8542,,S,0,52,1.4962618107024035,14.279975722433868
93,0,1,"Chaffee, Mr. Herbert Fuller",male,46.0,1,0,W.E.P. 5734,61.175,E31,S,1,14,2.936908267525873,6.3315890053573565
94,0,3,"Dean, Mr. Bertram Frank",male,26.0,1,2,C.A. 2315,20.575,,S,1,54,0.13352986850601622,19.084012021796024
95,0,3,"Coxon, Mr. Daniel",male,59.0,0,0,364500,7.25,,S,0,98,0.09948409862582785,21.224310660236505
96,0,3,"Shorney, Mr. Charles Joseph",male,,0,0,374910,8.05,,S,0,93,2.402941341538347,10.976570306038035
97,0,1,"Goldschmidt, Mr. George B",male,71.0,0,0,PC 17754,34.6542,A5,C,1,85,3.3845180838795104,2.15952766169226
98,1,1,"Greenfield, Mr. William Bertram",male,23.0,0,1,PC 17759,63.3583,D10 D12,C,1,77,1.4345889662953657,16.298330719902573
99,1,2,"Doling, Mrs. John T (Ada Julia Bone)",female,34.0,0,1,231919,23.0,,S,0,87,2.566328402490219,17.710607873166726
100,0,2,"Kantor, Mr. Sinai",male,34.0,1,0,244367,26.0,,S,1,98,3.9127912954109494,10.631305202010996
101,0,3,"Petranec, Miss. Matilda",female,28.0,0,0,349245,7.8958,,S,0,11,2.765681452632325,12.984172534518414
102,0,3,"Petroff, Mr. Pastcho (""Pentcho"")",male,,0,0,349215,7.8958,,S,0,69,3.9395293892606142,4.828298148200966
103,0,1,"White, Mr. Richard Frasar",male,21.0,0,1,35281,77.2875,D26,S,1,30,1.2938867886933978,3.9669811289722627
104,0,3,"Johansson, Mr. Gustaf Joel",male,33.0,0,0,7540,8.6542,,S,1,4,0.3713097974452273,5.3497932377622845
105,0,3,"Gustafsson, Mr. Anders Vilhelm",male,37.0,2,0,3101276,7.925,,S,1,90,0.40699751579091936,0.3312554649684947
106,0,3,"Mionoff, Mr. Stoytcho",male,28.0,0,0,349207,7.8958,,S,1,91,1.3352746335227859,13.627772692797485
107,1,3,"Salkjelsvik, Miss. Anna Kristine",female,21.0,0,0,343120,7.65,,S,0,98,3.604105107855133,8.528277839232517
108,1,3,"Moss, Mr. Albert Johan",male,,0,0,312991,7.775,,S,0,6,3.5056224584267923,8.523043716799545
109,0,3,"Rekic, Mr. Tido",male,38.0,0,0,349249,7.8958,,S,1,62,3.28534136981992,5.674928179484329
110,1,3,"Moran, Miss. Bertha",female,,1,0,371110,24.15,,Q,1,76,0.03379487945552251,5.954486354928796
111,0,1,"Porter, Mr. Walter Chamberlain",male,47.0,0,0,110465,52.0,C110,S,0,41,2.272729164572977,7.957549023147112
112,0,3,"Zabour, Miss. Hileni",female,14.5,1,0,2665,14.4542,,C,0,22,0.4834780703316195,4.690997439165275
113,0,3,"Barton, Mr. David John",male,22.0,0,0,324669,8.05,,S,1,7,0.3808012884153671,5.0844862285521115
114,0,3,"Jussila, Miss. Katriina",female,20.0,1,0,4136,9.825,,S,1,53,0.44074178019519383,16.314395166797556
115,0,3,"Attalah, Miss. Malake",female,17.0,0,0,2627,14.4583,,C,1,0,3.8146405700249626,5.722289225368315
116,0,3,"Pekoniemi, Mr. Edvard",male,21.0,0,0,STON/O 2. 3101294,7.925,,S,1,39,3.881213189234853,3.708492671711097
117,0,3,"Connors, Mr. Patrick",male,70.5,0,0,370369,7.75,,Q,1,87,2.3351865859578287,18.314055466766792
118,0,2,"Turpin, Mr. William John Robert",male,29.0,1,0,11668,21.0,,S,0,51,0.05518953448333619,18.607585642049784
119,0,1,"Baxter, Mr. Quigg Edmond",male,24.0,0,1,PC 17558,247.5208,B58 B60,C,0,37,0.5424499969504049,1.8940374418482013
120,0,3,"Andersson, Miss. Ellis Anna Maria",female,2.0,4,2,347082,31.275,,S,0,77,0.7142487029939111,7.4993641434415235
121,0,2,"Hickman, Mr. Stanley George",male,21.0,2,0,S.O.C. 14879,73.5,,S,0,86,3.1119547555410643,2.5085187892611605
122,0,3,"Moore, Mr. Leonard Charles",male,,0,0,A4. 54510,8.05,,S,1,56,3.2860733166317377,0.9269877442225505
123,0,2,"Nasser, Mr. Nicholas",male,32.5,1,0,237736,30.0708,,C,0,3,2.3171272898694957,10.394237903333837
124,1,2,"Webber, Miss. Susan",female,32.5,0,0,27267,13.0,E101,S,0,45,2.1484526052298323,2.77572373962207
125,0,1,"White, Mr. Percival Wayland",male,54.0,0,1,35281,77.2875,D26,S,0,2,1.7954403534174732,5.241319314886573
126,1,3,"Nicola-Yarred, Master. Elias",male,12.0,1,0,2651,11.2417,,C,1,61,0.3139766972613436,19.002820090323077
127,0,3,"McMahon, Mr. Martin",male,,0,0,370372,7.75,,Q,1,72,1.7080359518738275,11.913023207693936
128,1,3,"Madsen, Mr. Fridtjof Arne",male,24.0,0,0,C 17369,7.1417,,S,0,73,1.8702367739590477,4.348983591806604
129,1,3,"Peter, Miss. Anna",female,,1,1,2668,22.3583,F E69,C,0,70,2.054991809120718,10.419830266291157
130,0,3,"Ekstrom, Mr. Johan",male,45.0,0,0,347061,6.975,,S,0,83,3.4485727434050504,13.014075310715535
131,0,3,"Drazenoic, Mr. Jozef",male,33.0,0,0,349241,7.8958,,C,1,38,2.361343428838662,20.589332179700786
132,0,3,"Coelho, Mr. Domingos Fernandeo",male,20.0,0,0,SOTON/O.Q. 3101307,7.05,,S,1,13,2.240606418927793,11.779887810686404
133,0,3,"Robins, Mrs. Alexander A (Grace Charity Laury)",female,47.0,1,0,A/5. 3337,14.5,,S,1,5,3.3332243885553976,8.78431790599689
134,1,2,"Weisz, Mrs. Leopold (Mathilde Francoise Pede)",female,29.0,1,0,228414,26.0,,S,1,11,3.777662264021921,6.003300573745826
135,0,2,"Sobey, Mr. Samuel James Hayden",male,25.0,0,0,C.A. 29178,13.0,,S,0,40,0.9683975234274573,3.3246186614519346
136,0,2,"Richard, Mr. Emile",male,23.0,0,0,SC/PARIS 2133,15.0458,,C,0,77,1.4310568370701007,8.257709997565817
137,1,1,"Newsom, Miss. Helen Monypeny",female,19.0,0,2,11752,26.2833,D47,S,1,39,3.834232190610317,17.334126594304863
138,0,1,"Futrelle, Mr. Jacques Heath",male,37.0,1,0,113803,53.1,C123,S,0,7,3.1383210644947583,15.892424792946738
139,0,3,"Osen, Mr. Olaf Elon",male,16.0,0,0,7534,9.2167,,S,1,8,1.0135897082297562,19.84445692369865
140,0,1,"Giglio, Mr. Victor",male,24.0,0,0,PC 17593,79.2,B86,C,1,92,0.4932766554806971,13.127552739398059
141,0,3,"Boulos, Mrs. Joseph (Sultana)",female,,0,2,2678,15.2458,,C,0,85,2.016627071802014,6.991949290526908
142,1,3,"Nysten, Miss. Anna Sofia",female,22.0,0,0,347081,7.75,,S,0,78,1.9878860628393946,8.238909107539921
143,1,3,"Hakkarainen, Mrs. Pekka Pietari (Elin Matilda Dolck)",female,24.0,1,0,STON/O2. 3101279,15.85,,S,0,68,3.2567741187464803,5.901212085189441
144,0,3,"Burke, Mr. Jeremiah",male,19.0,0,0,365222,6.75,,Q,1,63,3.324989006871748,9.71624384979123
145,0,2,"Andrew, Mr. Edgardo Samuel",male,18.0,0,0,231945,11.5,,S,1,15,2.851748949481256,0.019455664677156426
146,0,2,"Nicholls, Mr. Joseph Charles",male,19.0,1,1,C.A. 33112,36.75,,S,0,79,1.5975162476027496,6.599580088444009
147,1,3,"Andersson, Mr. August Edvard (""Wennerstrom"")",male,27.0,0,0,350043,7.7958,,S,0,95,0.9055354077899902,16.083500124271584
148,0,3,"Ford, Miss. Robina Maggie ""Ruby""",female,9.0,2,2,W./C. 6608,34.375,,S,0,3,2.6096595031760983,4.399732115253446
149,0,2,"Navratil, Mr. Michel (""Louis M Hoffman"")",male,36.5,0,2,230080,26.0,F2,S,1,35,3.109681559233176,20.93591606128076
150,0,2,"Byles, Rev. Thomas Roussel Davids",male,42.0,0,0,244310,13.0,,S,0,25,0.9398124611881937,15.924824626001726
151,0,2,"Bateman, Rev. Robert James",male,51.0,0,0,S.O.P. 1166,12.525,,S,1,34,1.095782228189873,13.305309207558388
152,1,1,"Pears, Mrs. Thomas (Edith Wearne)",female,22.0,1,0,113776,66.6,C2,S,0,88,2.343962258291872,14.594453144953103
153,0,3,"Meo, Mr. Alfonzo",male,55.5,0,0,A.5. 11206,8.05,,S,0,32,3.8075418226587847,5.822056282023599
154,0,3,"van Billiard, Mr. Austin Blyler",male,40.5,0,2,A/5. 851,14.5,,S,0,54,0.9232569899222889,21.5500648583974
155,0,3,"Olsen, Mr. Ole Martin",male,,0,0,Fa 265302,7.3125,,S,1,66,2.9233568956653198,7.534526116001766
156,0,1,"Williams, Mr. Charles Duane",male,51.0,0,1,PC 17597,61.3792,,C,0,35,0.9203119346346464,2.6636668510392787
157,1,3,"Gilnagh, Miss. Katherine ""Katie""",female,16.0,0,0,35851,7.7333,,Q,0,91,1.3805069467018072,7.493703004421948
158,0,3,"Corn, Mr. Harry",male,30.0,0,0,SOTON/OQ 392090,8.05,,S,0,71,2.3731567699893565,6.198315997127035
159,0,3,"Smiljanic, Mr. Mile",male,,0,0,315037,8.6625,,S,1,66,0.5388103025675632,2.884201176559306
160,0,3,"Sage, Master. Thomas Henry",male,,8,2,CA. 2343,69.55,,S,1,13,1.2772400071540448,19.979556018170605
161,0,3,"Cribb, Mr. John Hatfield",male,44.0,0,1,371362,16.1,,S,1,18,3.583278770695487,16.362850507717965
162,1,2,"Watt, Mrs. James (Elizabeth ""Bessie"" Inglis Milne)",female,40.0,0,0,C.A. 33595,15.75,,S,0,11,2.6071435589162206,10.720554717271979
163,0,3,"Bengtsson, Mr. John Viktor",male,26.0,0,0,347068,7.775,,S,1,6,1.5035796304724816,5.497970372655727
164,0,3,"Calic, Mr. Jovo",male,17.0,0,0,315093,8.6625,,S,0,13,1.2892859528289682,3.8754605321851745
165,0,3,"Panula, Master. Eino Viljami",male,1.0,4,1,3101295,39.6875,,S,0,97,1.8420327536878385,19.334226866362393
166,1,3,"Goldsmith, Master. Frank John William ""Frankie""",male,9.0,0,2,363291,20.525,,S,0,89,1.2897496363147374,8.474534531698872
167,1,1,"Chibnall, Mrs. (Edith Martha Bowerman)",female,,0,1,113505,55.0,E33,S,0,27,2.442628753360314,9.296852098022361
168,0,3,"Skoog, Mrs. William (Anna Bernhardina Karlsson)",female,45.0,1,4,347088,27.9,,S,1,18,1.9694740032472073,8.450382066543666
169,0,1,"Baumann, Mr. John D",male,,0,0,PC 17318,25.925,,S,0,96,3.580086192676705,14.995147659840043
170,0,3,"Ling, Mr. Lee",male,28.0,0,0,1601,56.4958,,S,0,18,3.4594087000826765,14.00916250049103
171,0,1,"Van der hoef, Mr. Wyckoff",male,61.0,0,0,111240,33.5,B19,S,0,95,0.6590735335454898,10.976321199961347
172,0,3,"Rice, Master. Arthur",male,4.0,4,1,382652,29.125,,Q,1,85,2.685504059830903,6.254449257855515
173,1,3,"Johnson, Miss. Eleanor Ileen",female,1.0,1,1,347742,11.1333,,S,0,34,1.972940313181215,1.9011544828195124
174,0,3,"Sivola, Mr. Antti Wilhelm",male,21.0,0,0,STON/O 2. 3101280,7.925,,S,0,10,3.518229366180149,18.7559905668448
175,0,1,"Smith, Mr. James Clinch",male,56.0,0,0,17764,30.6958,A7,C,1,62,3.7959657416070582,21.96694268600889
176,0,3,"Klasen, Mr. Klas Albin",male,18.0,1,1,350404,7.8542,,S,0,68,3.6716084356186807,20.92698208538516
177,0,3,"Lefebre, Master. Henry Forbes",male,,3,1,4133,25.4667,,S,1,4,2.9971078322373685,6.2900968247170965
178,0,1,"Isham, Miss. Ann Elizabeth",female,50.0,0,0,PC 17595,28.7125,C49,C,1,53,2.234276015761263,19.528571387741145
179,0,2,"Hale, Mr. Reginald",male,30.0,0,0,250653,13.0,,S,0,98,1.0763871614168612,14.346014776346383
180,0,3,"Leonard, Mr. Lionel",male,36.0,0,0,LINE,0.0,,S,1,13,2.352032418781207,7.14085735510562
181,0,3,"Sage, Miss. Constance Gladys",female,,8,2,CA. 2343,69.55,,S,1,35,1.3114155389524922,8.748281375921334
182,0,2,"Pernot, Mr. Rene",male,,0,0,SC/PARIS 2131,15.05,,C,0,32,3.522137513260168,11.500470288216952
183,0,3,"Asplund, Master. Clarence Gustaf Hugo",male,9.0,4,2,347077,31.3875,,S,1,42,1.377450904902708,11.843693878513141
184,1,2,"Becker, Master. Richard F",male,1.0,2,1,230136,39.0,F4,S,1,56,1.8127413155719818,16.147266799697935
185,1,3,"Kink-Heilmann, Miss. Luise Gretchen",female,4.0,0,2,315153,22.025,,S,1,74,0.9907645772186577,21.437034582343006
186,0,1,"Rood, Mr. Hugh Roscoe",male,,0,0,113767,50.0,A32,S,0,51,1.8915512313335565,3.0286943462977
187,1,3,"O'Brien, Mrs. Thomas (Johanna ""Hannah"" Godfrey)",female,,1,0,370365,15.5,,Q,1,68,1.659267841557626,5.159121999517355
188,1,1,"Romaine, Mr. Charles Hallace (""Mr C Rolmane"")",male,45.0,0,0,111428,26.55,,S,1,87,1.6659679033453596,1.1010463823380132
189,0,3,"Bourke, Mr. John",male,40.0,1,1,364849,15.5,,Q,1,22,2.635542015105013,19.001152619888124
190,0,3,"Turcin, Mr. Stjepan",male,36.0,0,0,349247,7.8958,,S,1,23,2.464835860286031,10.531980977085052
191,1,2,"Pinsky, Mrs. (Rosa)",female,32.0,0,0,234604,13.0,,S,0,4,1.2525727181233055,15.666167646128432
192,0,2,"Carbines, Mr. William",male,19.0,0,0,28424,13.0,,S,1,4,3.273337757434215,0.06964267416578096
193,1,3,"Andersen-Jensen, Miss. Carla Christine Nielsine",female,19.0,1,0,350046,7.8542,,S,1,88,2.9048816490872107,1.7808370898317534
194,1,2,"Navratil, Master. Michel M",male,3.0,1,1,230080,26.0,F2,S,0,52,2.4881460886679982,13.57168387130406
195,1,1,"Brown, Mrs. James Joseph (Margaret Tobin)",female,44.0,0,0,PC 17610,27.7208,B4,C,1,48,2.6581931078958956,10.38881423994454
196,1,1,"Lurette, Miss. Elise",female,58.0,0,0,PC 17569,146.5208,B80,C,1,24,1.6452353112048619,9.742865665420767
197,0,3,"Mernagh, Mr. Robert",male,,0,0,368703,7.75,,Q,0,9,1.7260723203707702,18.596738567135795
198,0,3,"Olsen, Mr. Karl Siegwart Andreas",male,42.0,0,1,4579,8.4042,,S,1,0,2.564357699861704,18.721900787502193
199,1,3,"Madigan, Miss. Margaret ""Maggie""",female,,0,0,370370,7.75,,Q,1,90,1.1241161084296314,4.806416182103525
200,0,2,"Yrois, Miss. Henriette (""Mrs Harbeck"")",female,24.0,0,0,248747,13.0,,S,1,57,0.8001382334767717,8.191311095268393
201,0,3,"Vande Walle, Mr. Nestor Cyriel",male,28.0,0,0,345770,9.5,,S,1,63,2.1135972047495244,14.798482894780566
202,0,3,"Sage, Mr. Frederick",male,,8,2,CA. 2343,69.55,,S,1,76,3.6045530213548282,21.86982615212248
203,0,3,"Johanson, Mr. Jakob Alfred",male,34.0,0,0,3101264,6.4958,,S,0,22,1.589390160064625,12.803629703324237
204,0,3,"Youseff, Mr. Gerious",male,45.5,0,0,2628,7.225,,C,1,68,2.5284141336451262,16.20729247527375
205,1,3,"Cohen, Mr. Gurshon ""Gus""",male,18.0,0,0,A/5 3540,8.05,,S,1,34,0.4676480874884521,16.912861780389708
206,0,3,"Strom, Miss. Telma Matilda",female,2.0,0,1,347054,10.4625,G6,S,1,18,2.620248126998449,6.387275123898325
207,0,3,"Backstrom, Mr. Karl Alfred",male,32.0,1,0,3101278,15.85,,S,0,72,2.925551106166986,11.497933321031361
208,1,3,"Albimona, Mr. Nassef Cassem",male,26.0,0,0,2699,18.7875,,C,1,88,3.416920956430748,19.190245105527758
209,1,3,"Carr, Miss. Helen ""Ellen""",female,16.0,0,0,367231,7.75,,Q,0,98,2.371585447326037,3.381118157834983
210,1,1,"Blank, Mr. Henry",male,40.0,0,0,112277,31.0,A31,C,0,64,0.32663916155852535,18.65635920227454
211,0,3,"Ali, Mr. Ahmed",male,24.0,0,0,SOTON/O.Q. 3101311,7.05,,S,1,8,1.3774823170837451,3.5536650928587585
212,1,2,"Cameron, Miss. Clear Annie",female,35.0,0,0,F.C.C. 13528,21.0,,S,0,63,1.2452289897307915,12.821676251672146
213,0,3,"Perkin, Mr. John Henry",male,22.0,0,0,A/5 21174,7.25,,S,0,87,3.5999337354920007,14.71980861189004
214,0,2,"Givard, Mr. Hans Kristensen",male,30.0,0,0,250646,13.0,,S,0,44,0.36463189047720235,3.9307237939713997
215,0,3,"Kiernan, Mr. Philip",male,,1,0,367229,7.75,,Q,0,75,0.5137484984586025,5.628068636230683
216,1,1,"Newell, Miss. Madeleine",female,31.0,1,0,35273,113.275,D36,C,0,30,3.489730792793251,18.071111156318775
217,1,3,"Honkanen, Miss. Eliina",female,27.0,0,0,STON/O2. 3101283,7.925,,S,0,83,3.066920833285053,18.72029154372358
218,0,2,"Jacobsohn, Mr. Sidney Samuel",male,42.0,1,0,243847,27.0,,S,0,41,0.5163452077076474,12.440942952868083
219,1,1,"Bazzani, Miss. Albina",female,32.0,0,0,11813,76.2917,D15,C,0,53,2.5015973647689216,4.519481786876737
220,0,2,"Harris, Mr. Walter",male,30.0,0,0,W/C 14208,10.5,,S,1,29,1.6897187053632097,2.7215026852352526
221,1,3,"Sunderland, Mr. Victor Francis",male,16.0,0,0,SOTON/OQ 392089,8.05,,S,1,78,3.5813673827346486,19.69835347968963
222,0,2,"Bracken, Mr. James H",male,27.0,0,0,220367,13.0,,S,0,65,3.4854536960185394,18.737102721379777
223,0,3,"Green, Mr. George Henry",male,51.0,0,0,21440,8.05,,S,1,9,0.5701752544702576,0.8956884784914692
224,0,3,"Nenkoff, Mr. Christo",male,,0,0,349234,7.8958,,S,1,56,0.4428251346443579,4.7803876470584425
225,1,1,"Hoyt, Mr. Frederick Maxfield",male,38.0,1,0,19943,90.0,C93,S,0,7,1.4983321294594258,7.869479494908339
226,0,3,"Berglund, Mr. Karl Ivar Sven",male,22.0,0,0,PP 4348,9.35,,S,0,93,0.6125200061452758,11.463475772523216
227,1,2,"Mellors, Mr. William John",male,19.0,0,0,SW/PP 751,10.5,,S,0,3,0.876372187962775,20.23258157537557
228,0,3,"Lovell, Mr. John Hall (""Henry"")",male,20.5,0,0,A/5 21173,7.25,,S,1,15,0.2772846601786285,7.594327549281424
229,0,2,"Fahlstrom, Mr. Arne Jonas",male,18.0,0,0,236171,13.0,,S,0,86,0.9455620345046563,8.101300948586578
230,0,3,"Lefebre, Miss. Mathilde",female,,3,1,4133,25.4667,,S,0,60,3.3515807476622093,18.07555831175258
231,1,1,"Harris, Mrs. Henry Birkhardt (Irene Wallach)",female,35.0,1,0,36973,83.475,C83,S,0,61,1.8514364213248808,6.162508890944716
232,0,3,"Larsson, Mr. Bengt Edvin",male,29.0,0,0,347067,7.775,,S,1,14,1.8627984719799322,2.026316785376464
233,0,2,"Sjostedt, Mr. Ernst Adolf",male,59.0,0,0,237442,13.5,,S,1,50,1.5862539643265325,21.1233304748091
234,1,3,"Asplund, Miss. Lillian Gertrud",female,5.0,4,2,347077,31.3875,,S,1,10,2.1023920459207712,16.356446577198245
235,0,2,"Leyson, Mr. Robert William Norman",male,24.0,0,0,C.A. 29566,10.5,,S,0,30,3.1808167133596204,18.610269523074706
236,0,3,"Harknett, Miss. Alice Phoebe",female,,0,0,W./C. 6609,7.55,,S,0,30,3.379691788452927,19.253788984367052
237,0,2,"Hold, Mr. Stephen",male,44.0,1,0,26707,26.0,,S,1,32,0.09353804952036482,7.875035422654055
238,1,2,"Collyer, Miss. Marjorie ""Lottie""",female,8.0,0,2,C.A. 31921,26.25,,S,0,40,1.1081072804205379,3.2411687745626616
239,0,2,"Pengelly, Mr. Frederick William",male,19.0,0,0,28665,10.5,,S,1,69,3.6104683728739064,2.055992452539291
240,0,2,"Hunt, Mr. George Henry",male,33.0,0,0,SCO/W 1585,12.275,,S,0,53,3.7564948451781235,0.3054750811917175
241,0,3,"Zabour, Miss. Thamine",female,,1,0,2665,14.4542,,C,1,22,2.0821945905514094,14.286223961036209
242,1,3,"Murphy, Miss. Katherine ""Kate""",female,,1,0,367230,15.5,,Q,1,48,1.4901813915997737,19.489479682009698
243,0,2,"Coleridge, Mr. Reginald Charles",male,29.0,0,0,W./C. 14263,10.5,,S,0,21,0.9249461599208542,14.421542374240246
244,0,3,"Maenpaa, Mr. Matti Alexanteri",male,22.0,0,0,STON/O 2. 3101275,7.125,,S,0,49,0.9037556009839522,15.306453800457254
245,0,3,"Attalah, Mr. Sleiman",male,30.0,0,0,2694,7.225,,C,0,72,2.76701669789665,20.563824627934597
246,0,1,"Minahan, Dr. William Edward",male,44.0,2,0,19928,90.0,C78,Q,1,18,3.928165384727133,6.845314466691499
247,0,3,"Lindahl, Miss. Agda Thorilda Viktoria",female,25.0,0,0,347071,7.775,,S,1,97,3.048355190523381,7.296938812189328
248,1,2,"Hamalainen, Mrs. William (Anna)",female,24.0,0,2,250649,14.5,,S,0,22,1.9872332190476265,12.6668406276289
249,1,1,"Beckwith, Mr. Richard Leonard",male,37.0,1,1,11751,52.5542,D35,S,1,46,1.0979359234993322,9.99589640295554
250,0,2,"Carter, Rev. Ernest Courtenay",male,54.0,1,0,244252,26.0,,S,0,39,1.538905187168845,10.09490435563357
251,0,3,"Reed, Mr. James George",male,,0,0,362316,7.25,,S,0,82,1.3435273885476127,8.657392340982597
252,0,3,"Strom, Mrs. Wilhelm (Elna Matilda Persson)",female,29.0,1,1,347054,10.4625,G6,S,1,72,2.151954638463453,5.828466810705271
253,0,1,"Stead, Mr. William Thomas",male,62.0,0,0,113514,26.55,C87,S,0,17,2.322535141688735,14.97088857953987
254,0,3,"Lobb, Mr. William Arthur",male,30.0,1,0,A/5. 3336,16.1,,S,0,98,2.2606353370121304,17.513202342313843
255,0,3,"Rosblom, Mrs. Viktor (Helena Wilhelmina)",female,41.0,0,2,370129,20.2125,,S,1,0,2.9351153158980274,4.763149630441575
256,1,3,"Touma, Mrs. Darwis (Hanne Youssef Razi)",female,29.0,0,2,2650,15.2458,,C,1,10,2.8386266244427163,8.747481276908372
257,1,1,"Thorne, Mrs. Gertrude Maybelle",female,,0,0,PC 17585,79.2,,C,1,38,1.1125713903224992,14.40094592991325
258,1,1,"Cherry, Miss. Gladys",female,30.0,0,0,110152,86.5,B77,S,0,34,0.5392639780312782,8.327964417111264
259,1,1,"Ward, Miss. Anna",female,35.0,0,0,PC 17755,512.3292,,C,1,52,0.14818242338019472,6.99308038114369
260,1,2,"Parrish, Mrs. (Lutie Davis)",female,50.0,0,1,230433,26.0,,S,1,97,1.1898900229740703,4.754615580143156
261,0,3,"Smith, Mr. Thomas",male,,0,0,384461,7.75,,Q,1,51,2.0394880440150884,14.473239413564189
262,1,3,"Asplund, Master. Edvin Rojj Felix",male,3.0,4,2,347077,31.3875,,S,1,39,1.5541556202159694,7.034685597581452
263,0,1,"Taussig, Mr. Emil",male,52.0,1,1,110413,79.65,E67,S,1,75,1.377866641364856,20.21418269341372
264,0,1,"Harrison, Mr. William",male,40.0,0,0,112059,0.0,B94,S,1,0,1.8853504285827212,10.244429894382343
265,0,3,"Henry, Miss. Delia",female,,0,0,382649,7.75,,Q,0,90,1.7208091081071744,21.0613277423975
266,0,2,"Reeves, Mr. David",male,36.0,0,0,C.A. 17248,10.5,,S,1,23,0.21693995369904062,13.476238755407119
267,0,3,"Panula, Mr. Ernesti Arvid",male,16.0,4,1,3101295,39.6875,,S,1,30,0.06578595694963996,7.145066933794736
268,1,3,"Persson, Mr. Ernst Ulrik",male,25.0,1,0,347083,7.775,,S,0,41,3.5257844708126256,9.566457923672065
269,1,1,"Graham, Mrs. William Thompson (Edith Junkins)",female,58.0,0,1,PC 17582,153.4625,C125,S,1,99,3.4996231269817595,12.24450666740393
270,1,1,"Bissette, Miss. Amelia",female,35.0,0,0,PC 17760,135.6333,C99,S,0,85,3.0624141967332723,14.696540397915278
271,0,1,"Cairns, Mr. Alexander",male,,0,0,113798,31.0,,S,0,27,1.1752687412222191,3.8459757614554255
272,1,3,"Tornquist, Mr. William Henry",male,25.0,0,0,LINE,0.0,,S,0,90,0.32700913436284385,14.327086102790732
273,1,2,"Mellinger, Mrs. (Elizabeth Anne Maidment)",female,41.0,0,1,250644,19.5,,S,1,10,3.8058868661077265,8.25724774429782
274,0,1,"Natsch, Mr. Charles H",male,37.0,0,1,PC 17596,29.7,C118,C,1,62,0.6922206320885511,6.073136009192377
275,1,3,"Healy, Miss. Hanora ""Nora""",female,,0,0,370375,7.75,,Q,1,28,1.0124068903906638,11.327234672287958
276,1,1,"Andrews, Miss. Kornelia Theodosia",female,63.0,1,0,13502,77.9583,D7,S,1,58,1.7022936347812148,6.78959276896312
277,0,3,"Lindblom, Miss. Augusta Charlotta",female,45.0,0,0,347073,7.75,,S,1,33,2.2459994381788686,10.070633640530872
278,0,2,"Parkes, Mr. Francis ""Frank""",male,,0,0,239853,0.0,,S,1,67,2.8430438811883962,9.105212696594005
279,0,3,"Rice, Master. Eric",male,7.0,4,1,382652,29.125,,Q,1,71,2.5689893666165453,12.671960809916595
280,1,3,"Abbott, Mrs. Stanton (Rosa Hunt)",female,35.0,1,1,C.A. 2673,20.25,,S,1,77,2.568466391439268,13.203134025641832
281,0,3,"Duane, Mr. Frank",male,65.0,0,0,336439,7.75,,Q,1,46,0.5252851496089357,5.135716092841869
282,0,3,"Olsson, Mr. Nils Johan Goransson",male,28.0,0,0,347464,7.8542,,S,0,95,3.3698271492467273,7.589348101936667
283,0,3,"de Pelsmaeker, Mr. Alfons",male,16.0,0,0,345778,9.5,,S,0,57,1.593203074100214,2.2315813977280023
284,1,3,"Dorking, Mr. Edward Arthur",male,19.0,0,0,A/5. 10482,8.05,,S,1,15,0.3502373942866499,8.924985296606652
285,0,1,"Smith, Mr. Richard William",male,,0,0,113056,26.0,A19,S,1,59,3.489927883177178,17.623056513368272
286,0,3,"Stankovic, Mr. Ivan",male,33.0,0,0,349239,8.6625,,C,1,71,2.36903249593536,10.726437828674925
287,1,3,"de Mulder, Mr. Theodore",male,30.0,0,0,345774,9.5,,S,1,74,0.29398620538007236,20.083478065132212
288,0,3,"Naidenoff, Mr. Penko",male,22.0,0,0,349206,7.8958,,S,1,15,2.281986617520394,13.463752252889053
289,1,2,"Hosono, Mr. Masabumi",male,42.0,0,0,237798,13.0,,S,1,74,1.331463903230818,12.103061723126913
290,1,3,"Connolly, Miss. Kate",female,22.0,0,0,370373,7.75,,Q,0,71,3.1633862745036585,13.037997433746934
291,1,1,"Barber, Miss. Ellen ""Nellie""",female,26.0,0,0,19877,78.85,,S,0,88,0.7430373035015263,16.871230896412616
292,1,1,"Bishop, Mrs. Dickinson H (Helen Walton)",female,19.0,1,0,11967,91.0792,B49,C,1,42,2.267282669853674,11.492717449216157
293,0,2,"Levy, Mr. Rene Jacques",male,36.0,0,0,SC/Paris 2163,12.875,D,C,0,94,2.6801928749034225,16.494639697614353
294,0,3,"Haas, Miss. Aloisia",female,24.0,0,0,349236,8.85,,S,1,36,1.8654266969435676,5.882938518045076
295,0,3,"Mineff, Mr. Ivan",male,24.0,0,0,349233,7.8958,,S,0,35,1.9280574289298702,0.49331201500857524
296,0,1,"Lewy, Mr. Ervin G",male,,0,0,PC 17612,27.7208,,C,0,99,1.4675727577020736,1.586284838230379
297,0,3,"Hanna, Mr. Mansour",male,23.5,0,0,2693,7.2292,,C,1,58,1.4931500080821438,4.077905312243125
298,0,1,"Allison, Miss. Helen Loraine",female,2.0,1,2,113781,151.55,C22 C26,S,1,75,0.11019410423143317,19.85850337033833
299,1,1,"Saalfeld, Mr. Adolphe",male,,0,0,19988,30.5,C106,S,0,86,2.8636843820423814,4.0592176695087545
300,1,1,"Baxter, Mrs. James (Helene DeLaudeniere Chaput)",female,50.0,0,1,PC 17558,247.5208,B58 B60,C,1,21,3.6923963832198785,11.237450858639685
301,1,3,"Kelly, Miss. Anna Katherine ""Annie Kate""",female,,0,0,9234,7.75,,Q,0,45,2.363118118651819,8.462237051958285
302,1,3,"McCoy, Mr. Bernard",male,,2,0,367226,23.25,,Q,1,67,1.2728125948252074,8.19788817518081
303,0,3,"Johnson, Mr. William Cahoone Jr",male,19.0,0,0,LINE,0.0,,S,0,75,0.7606614111785119,17.92622740605318
304,1,2,"Keane, Miss. Nora A",female,,0,0,226593,12.35,E101,Q,1,36,0.47201788297457004,0.5396246290766975
305,0,3,"Williams, Mr. Howard Hugh ""Harry""",male,,0,0,A/5 2466,8.05,,S,1,48,0.8215552583519727,21.373657532852473
306,1,1,"Allison, Master. Hudson Trevor",male,0.92,1,2,113781,151.55,C22 C26,S,1,92,3.0743706694556003,0.8755785847314768
307,1,1,"Fleming, Miss. Margaret",female,,0,0,17421,110.8833,,C,1,22,0.8223639059223631,7.356278542096929
308,1,1,"Penasco y Castellana, Mrs. Victor de Satode (Maria Josefa Perez de Soto y Vallejo)",female,17.0,1,0,PC 17758,108.9,C65,C,0,10,1.2567478364553413,14.03144206541769
309,0,2,"Abelson, Mr. Samuel",male,30.0,1,0,P/PP 3381,24.0,,C,1,36,2.0249918307705395,13.612109465422238
310,1,1,"Francatelli, Miss. Laura Mabel",female,30.0,0,0,PC 17485,56.9292,E36,C,0,37,0.9027438534459691,11.738585529943329
311,1,1,"Hays, Miss. Margaret Bechstein",female,24.0,0,0,11767,83.1583,C54,C,0,69,1.4807354150772576,3.0749859481721584
312,1,1,"Ryerson, Miss. Emily Borie",female,18.0,2,2,PC 17608,262.375,B57 B59 B63 B66,C,1,33,0.07842686432728119,14.337044617457522
313,0,2,"Lahtinen, Mrs. William (Anna Sylfven)",female,26.0,1,1,250651,26.0,,S,1,21,0.18931530252278428,20.52493624864484
314,0,3,"Hendekovic, Mr. Ignjac",male,28.0,0,0,349243,7.8958,,S,0,0,1.953341865820276,13.85724847990415
315,0,2,"Hart, Mr. Benjamin",male,43.0,1,1,F.C.C. 13529,26.25,,S,0,51,1.2305514246519196,19.067537939251604
316,1,3,"Nilsson, Miss. Helmina Josefina",female,26.0,0,0,347470,7.8542,,S,1,64,3.6410359036637394,1.8737896944936319
317,1,2,"Kantor, Mrs. Sinai (Miriam Sternin)",female,24.0,1,0,244367,26.0,,S,1,44,1.9271139253772702,12.906896953919665
318,0,2,"Moraweck, Dr. Ernest",male,54.0,0,0,29011,14.0,,S,1,75,1.6449560410672506,10.421437831428062
319,1,1,"Wick, Miss. Mary Natalie",female,31.0,0,2,36928,164.8667,C7,S,0,66,3.4907562527091334,9.183818508942917
320,1,1,"Spedden, Mrs. Frederic Oakley (Margaretta Corning Stone)",female,40.0,1,1,16966,134.5,E34,C,1,66,1.8003999254810799,13.661213690075826
321,0,3,"Dennis, Mr. Samuel",male,22.0,0,0,A/5 21172,7.25,,S,0,10,2.8389673536912294,6.826369620588109
322,0,3,"Danoff, Mr. Yoto",male,27.0,0,0,349219,7.8958,,S,0,40,3.780517033991256,19.55169291109178
323,1,2,"Slayter, Miss. Hilda Mary",female,30.0,0,0,234818,12.35,,Q,0,91,2.2191856024087455,2.073191965229057
324,1,2,"Caldwell, Mrs. Albert Francis (Sylvia Mae Harbaugh)",female,22.0,1,1,248738,29.0,,S,1,71,2.911716794963577,4.968331501020563
325,0,3,"Sage, Mr. George John Jr",male,,8,2,CA. 2343,69.55,,S,0,6,0.0014336788411917212,18.941739032205103
326,1,1,"Young, Miss. Marie Grice",female,36.0,0,0,PC 17760,135.6333,C32,C,1,12,3.051802569589799,19.466601123806594
327,0,3,"Nysveen, Mr. Johan Hansen",male,61.0,0,0,345364,6.2375,,S,0,21,2.0216920961066536,1.8245090383033713
328,1,2,"Ball, Mrs. (Ada E Hall)",female,36.0,0,0,28551,13.0,D,S,0,70,1.9212751037084272,8.528887320077336
329,1,3,"Goldsmith, Mrs. Frank John (Emily Alice Brown)",female,31.0,1,1,363291,20.525,,S,1,53,3.767010892356945,18.94154171014897
330,1,1,"Hippach, Miss. Jean Gertrude",female,16.0,0,1,111361,57.9792,B18,C,1,52,1.2662160118490382,1.4028218614448136
331,1,3,"McCoy, Miss. Agnes",female,,2,0,367226,23.25,,Q,0,7,0.18260206380428023,1.8694530255614545
332,0,1,"Partner, Mr. Austen",male,45.5,0,0,113043,28.5,C124,S,0,7,3.048862035586479,14.126696233676846
333,0,1,"Graham, Mr. George Edward",male,38.0,0,1,PC 17582,153.4625,C91,S,1,41,2.3839494539599455,8.757839186638464
334,0,3,"Vander Planke, Mr. Leo Edmondus",male,16.0,2,0,345764,18.0,,S,0,16,2.3357892404553495,8.069816455457183
335,1,1,"Frauenthal, Mrs. Henry William (Clara Heinsheimer)",female,,1,0,PC 17611,133.65,,S,1,10,1.4568455988772238,17.72276888484565
336,0,3,"Denkoff, Mr. Mitto",male,,0,0,349225,7.8958,,S,0,21,2.9126067838398564,18.479161394899467
337,0,1,"Pears, Mr. Thomas Clinton",male,29.0,1,0,113776,66.6,C2,S,0,72,1.6608741971669638,17.031433123609137
338,1,1,"Burns, Miss. Elizabeth Margaret",female,41.0,0,0,16966,134.5,E40,C,1,65,3.0831459760913758,15.96019633934823
339,1,3,"Dahl, Mr. Karl Edwart",male,45.0,0,0,7598,8.05,,S,0,15,0.3316204676311014,16.82951016254882
340,0,1,"Blackwell, Mr. Stephen Weart",male,45.0,0,0,113784,35.5,T,S,1,83,3.0405473518368398,6.285824388680283
341,1,2,"Navratil, Master. Edmond Roger",male,2.0,1,1,230080,26.0,F2,S,0,62,1.3497114725459989,16.685586745802194
342,1,1,"Fortune, Miss. Alice Elizabeth",female,24.0,3,2,19950,263.0,C23 C25 C27,S,0,17,1.9248063009509293,12.880903199659347
343,0,2,"Collander, Mr. Erik Gustaf",male,28.0,0,0,248740,13.0,,S,0,63,1.5397616166667043,8.462030452355561
344,0,2,"Sedgwick, Mr. Charles Frederick Waddington",male,25.0,0,0,244361,13.0,,S,1,45,1.7848882283684993,5.726833838570229
345,0,2,"Fox, Mr. Stanley Hubert",male,36.0,0,0,229236,13.0,,S,0,16,0.9627771221666954,7.97435497359994
346,1,2,"Brown, Miss. Amelia ""Mildred""",female,24.0,0,0,248733,13.0,F33,S,1,39,2.432337194863101,18.01656152180321
347,1,2,"Smith, Miss. Marion Elsie",female,40.0,0,0,31418,13.0,,S,0,63,3.202271313833753,14.508606144877616
348,1,3,"Davison, Mrs. Thomas Henry (Mary E Finck)",female,,1,0,386525,16.1,,S,1,88,2.1091139037821485,19.991723577895694
349,1,3,"Coutts, Master. William Loch ""William""",male,3.0,1,1,C.A. 37671,15.9,,S,1,86,1.2646175424323332,7.052905149126778
350,0,3,"Dimic, Mr. Jovan",male,42.0,0,0,315088,8.6625,,S,0,37,0.16279211189448217,3.376570467977487
351,0,3,"Odahl, Mr. Nils Martin",male,23.0,0,0,7267,9.225,,S,1,16,1.9872392003774784,18.47525186683914
352,0,1,"Williams-Lambert, Mr. Fletcher Fellows",male,,0,0,113510,35.0,C128,S,1,74,3.4763514667003372,17.039080774668587
353,0,3,"Elias, Mr. Tannous",male,15.0,1,1,2695,7.2292,,C,0,75,1.563580722930649,7.252530170118949
354,0,3,"Arnold-Franchi, Mr. Josef",male,25.0,1,0,349237,17.8,,S,0,27,1.482052417403069,4.354126947183769
355,0,3,"Yousif, Mr. Wazli",male,,0,0,2647,7.225,,C,1,95,0.6298461824489365,5.230053469341422
356,0,3,"Vanden Steen, Mr. Leo Peter",male,28.0,0,0,345783,9.5,,S,0,3,0.9403122319370554,1.8866975236661767
357,1,1,"Bowerman, Miss. Elsie Edith",female,22.0,0,1,113505,55.0,E33,S,0,47,3.961077589685817,6.485114601676626
358,0,2,"Funk, Miss. Annie Clemmer",female,38.0,0,0,237671,13.0,,S,0,58,3.6065213725512626,18.782224548482645
359,1,3,"McGovern, Miss. Mary",female,,0,0,330931,7.8792,,Q,1,15,0.8489148856648931,4.276293718525438
360,1,3,"Mockler, Miss. Helen Mary ""Ellie""",female,,0,0,330980,7.8792,,Q,1,95,1.7580586931142053,17.640859702172744
361,0,3,"Skoog, Mr. Wilhelm",male,40.0,1,4,347088,27.9,,S,0,85,3.676738498334088,11.050878981778288
362,0,2,"del Carlo, Mr. Sebastiano",male,29.0,1,0,SC/PARIS 2167,27.7208,,C,0,74,1.9434077922053574,21.29058499035247
363,0,3,"Barbara, Mrs. (Catherine David)",female,45.0,0,1,2691,14.4542,,C,1,51,3.471322553641959,20.597638332027348
364,0,3,"Asim, Mr. Adola",male,35.0,0,0,SOTON/O.Q. 3101310,7.05,,S,0,40,2.7422426007002145,15.420558508275654
365,0,3,"O'Brien, Mr. Thomas",male,,1,0,370365,15.5,,Q,0,82,1.241584111740941,16.693597682005787
366,0,3,"Adahl, Mr. Mauritz Nils Martin",male,30.0,0,0,C 7076,7.25,,S,0,61,3.0147153323812708,9.20169794890361
367,1,1,"Warren, Mrs. Frank Manley (Anna Sophia Atkinson)",female,60.0,1,0,110813,75.25,D37,C,1,5,1.7227446656520287,7.251038156037902
368,1,3,"Moussa, Mrs. (Mantoura Boulos)",female,,0,0,2626,7.2292,,C,1,7,0.7225508109634653,1.3958923919133956
369,1,3,"Jermyn, Miss. Annie",female,,0,0,14313,7.75,,Q,1,18,1.441830499596437,21.72282255265828
370,1,1,"Aubart, Mme. Leontine Pauline",female,24.0,0,0,PC 17477,69.3,B35,C,0,84,0.7502405963345096,14.087185981151691
371,1,1,"Harder, Mr. George Achilles",male,25.0,1,0,11765,55.4417,E50,C,1,7,2.2113674534076226,11.176527073778516
372,0,3,"Wiklund, Mr. Jakob Alfred",male,18.0,1,0,3101267,6.4958,,S,0,20,3.869980953352792,16.382346090412764
373,0,3,"Beavan, Mr. William Thomas",male,19.0,0,0,323951,8.05,,S,0,46,0.7831280747321774,1.6485495326977606
374,0,1,"Ringhini, Mr. Sante",male,22.0,0,0,PC 17760,135.6333,,C,0,54,0.13070372265247787,17.36641470131501
375,0,3,"Palsson, Miss. Stina Viola",female,3.0,3,1,349909,21.075,,S,0,30,1.6391810899140493,8.177882791490811
376,1,1,"Meyer, Mrs. Edgar Joseph (Leila Saks)",female,,1,0,PC 17604,82.1708,,C,1,58,0.42934500994858604,19.41309968145753
377,1,3,"Landergren, Miss. Aurora Adelia",female,22.0,0,0,C 7077,7.25,,S,0,53,0.18672970197386674,9.219327901962751
378,0,1,"Widener, Mr. Harry Elkins",male,27.0,0,2,113503,211.5,C82,C,1,15,3.847349343329159,3.1888786020008326
379,0,3,"Betros, Mr. Tannous",male,20.0,0,0,2648,4.0125,,C,0,74,0.8306631083027742,14.123656429478705
380,0,3,"Gustafsson, Mr. Karl Gideon",male,19.0,0,0,347069,7.775,,S,1,82,2.2403778277215896,13.86997115598153
381,1,1,"Bidois, Miss. Rosalie",female,42.0,0,0,PC 17757,227.525,,C,0,19,3.5935347209577713,5.3588564464465405
382,1,3,"Nakid, Miss. Maria (""Mary"")",female,1.0,0,2,2653,15.7417,,C,1,8,0.7032433528565489,8.846484021265503
383,0,3,"Tikkanen, Mr. Juho",male,32.0,0,0,STON/O 2. 3101293,7.925,,S,0,68,3.315760394251328,2.1628366858845274
384,1,1,"Holverson, Mrs. Alexander Oskar (Mary Aline Towner)",female,35.0,1,0,113789,52.0,,S,0,13,2.294349013086516,11.548995934542223
385,0,3,"Plotcharsky, Mr. Vasil",male,,0,0,349227,7.8958,,S,0,31,0.41455003300450555,6.837581219049801
386,0,2,"Davies, Mr. Charles Henry",male,18.0,0,0,S.O.C. 14879,73.5,,S,0,85,0.1719506641641817,3.612962030907072
387,0,3,"Goodwin, Master. Sidney Leonard",male,1.0,5,2,CA 2144,46.9,,S,0,17,0.25106583284249995,8.140916254548332
388,1,2,"Buss, Miss. Kate",female,36.0,0,0,27849,13.0,,S,0,39,3.783749930187412,4.429348674967217
389,0,3,"Sadlier, Mr. Matthew",male,,0,0,367655,7.7292,,Q,1,59,3.2972745310927367,14.532907042624085
390,1,2,"Lehmann, Miss. Bertha",female,17.0,0,0,SC 1748,12.0,,C,0,96,0.5861278815394058,18.646945306810032
391,1,1,"Carter, Mr. William Ernest",male,36.0,1,2,113760,120.0,B96 B98,S,0,96,3.2990360441363507,13.638300047378955
392,1,3,"Jansson, Mr. Carl Olof",male,21.0,0,0,350034,7.7958,,S,0,38,0.14759575287223514,8.727878378458753
393,0,3,"Gustafsson, Mr. Johan Birger",male,28.0,2,0,3101277,7.925,,S,1,48,3.2974588778350613,6.369197588398788
394,1,1,"Newell, Miss. Marjorie",female,23.0,1,0,35273,113.275,D36,C,1,47,2.123618598642729,19.799407340518858
395,1,3,"Sandstrom, Mrs. Hjalmar (Agnes Charlotta Bengtsson)",female,24.0,0,2,PP 9549,16.7,G6,S,0,50,1.2107980904424425,15.306839957859214
396,0,3,"Johansson, Mr. Erik",male,22.0,0,0,350052,7.7958,,S,0,93,0.4786003783705004,12.853758411790325
397,0,3,"Olsson, Miss. Elina",female,31.0,0,0,350407,7.8542,,S,0,38,3.3419670672281394,4.86483928634413
398,0,2,"McKane, Mr. Peter David",male,46.0,0,0,28403,26.0,,S,0,41,2.28328476039198,10.144527774431827
399,0,2,"Pain, Dr. Alfred",male,23.0,0,0,244278,10.5,,S,0,17,2.7155580199285776,12.277106380752247
400,1,2,"Trout, Mrs. William H (Jessie L)",female,28.0,0,0,240929,12.65,,S,0,65,2.915674822448104,20.80147688718618
401,1,3,"Niskanen, Mr. Juha",male,39.0,0,0,STON/O 2. 3101289,7.925,,S,1,6,3.4777679035850415,21.354301778470205
402,0,3,"Adams, Mr. John",male,26.0,0,0,341826,8.05,,S,1,51,1.1088715957735165,16.63893691654253
403,0,3,"Jussila, Miss. Mari Aina",female,21.0,1,0,4137,9.825,,S,0,14,2.1347728224322804,3.22563766602963
404,0,3,"Hakkarainen, Mr. Pekka Pietari",male,28.0,1,0,STON/O2. 3101279,15.85,,S,0,6,0.1920606971658505,10.663983211489668
405,0,3,"Oreskovic, Miss. Marija",female,20.0,0,0,315096,8.6625,,S,0,89,2.8684988290811932,20.12967027197786
406,0,2,"Gale, Mr. Shadrach",male,34.0,1,0,28664,21.0,,S,0,11,2.128938540998131,20.208213652920886
407,0,3,"Widegren, Mr. Carl/Charles Peter",male,51.0,0,0,347064,7.75,,S,1,15,3.131182917563902,12.117796554144727
408,1,2,"Richards, Master. William Rowe",male,3.0,1,1,29106,18.75,,S,0,30,1.602832050205517,16.997324574591385
409,0,3,"Birkeland, Mr. Hans Martin Monsen",male,21.0,0,0,312992,7.775,,S,0,32,2.40109762319236,4.70343293746161
410,0,3,"Lefebre, Miss. Ida",female,,3,1,4133,25.4667,,S,0,41,3.6525718712925612,9.17951793344851
411,0,3,"Sdycoff, Mr. Todor",male,,0,0,349222,7.8958,,S,0,49,3.190008506329425,19.34986380250687
412,0,3,"Hart, Mr. Henry",male,,0,0,394140,6.8583,,Q,1,6,1.6637697016491129,21.194369303292923
413,1,1,"Minahan, Miss. Daisy E",female,33.0,1,0,19928,90.0,C78,Q,0,83,0.45549198856057904,4.634537946127409
414,0,2,"Cunningham, Mr. Alfred Fleming",male,,0,0,239853,0.0,,S,1,97,2.2001835234190894,13.355566654137206
415,1,3,"Sundman, Mr. Johan Julian",male,44.0,0,0,STON/O 2. 3101269,7.925,,S,1,20,0.7430608560236975,9.581013122182421
416,0,3,"Meek, Mrs. Thomas (Annie Louise Rowley)",female,,0,0,343095,8.05,,S,0,69,3.0492888482803475,18.76294945822221
417,1,2,"Drew, Mrs. James Vivian (Lulu Thorne Christian)",female,34.0,1,1,28220,32.5,,S,1,40,0.18118044107991693,7.105481114103894
418,1,2,"Silven, Miss. Lyyli Karoliina",female,18.0,0,2,250652,13.0,,S,0,9,3.650197394664782,3.9975383392053927
419,0,2,"Matthews, Mr. William John",male,30.0,0,0,28228,13.0,,S,1,34,0.7886420446719415,20.294438483264308
420,0,3,"Van Impe, Miss. Catharina",female,10.0,0,2,345773,24.15,,S,0,51,0.8124125419026296,7.8517032174237436
421,0,3,"Gheorgheff, Mr. Stanio",male,,0,0,349254,7.8958,,C,1,77,2.679789295693905,17.52019902529195
422,0,3,"Charters, Mr. David",male,21.0,0,0,A/5. 13032,7.7333,,Q,1,72,0.004439610830481389,6.257956500746843
423,0,3,"Zimmerman, Mr. Leo",male,29.0,0,0,315082,7.875,,S,0,17,1.8288678083082615,21.887094278942584
424,0,3,"Danbom, Mrs. Ernst Gilbert (Anna Sigrid Maria Brogren)",female,28.0,1,1,347080,14.4,,S,1,69,3.035117841053818,5.144000259097291
425,0,3,"Rosblom, Mr. Viktor Richard",male,18.0,1,1,370129,20.2125,,S,1,17,0.3296696980881815,18.77356748576248
426,0,3,"Wiseman, Mr. Phillippe",male,,0,0,A/4. 34244,7.25,,S,0,43,3.626243020946033,6.211351834603892
427,1,2,"Clarke, Mrs. Charles V (Ada Maria Winfield)",female,28.0,1,0,2003,26.0,,S,1,68,3.746509796193869,18.785341522896054
428,1,2,"Phillips, Miss. Kate Florence (""Mrs Kate Louise Phillips Marshall"")",female,19.0,0,0,250655,26.0,,S,0,9,1.2350120679243202,1.3109236770304014
429,0,3,"Flynn, Mr. James",male,,0,0,364851,7.75,,Q,1,81,0.6480089294008375,14.354937970331486
430,1,3,"Pickard, Mr. Berk (Berk Trembisky)",male,32.0,0,0,SOTON/O.Q. 392078,8.05,E10,S,0,99,0.815148598847431,20.72551666687712
431,1,1,"Bjornstrom-Steffansson, Mr. Mauritz Hakan",male,28.0,0,0,110564,26.55,C52,S,0,37,2.0292294026961595,13.981909600324533
432,1,3,"Thorneycroft, Mrs. Percival (Florence Kate White)",female,,1,0,376564,16.1,,S,1,62,3.4703408429945557,21.179412451624305
433,1,2,"Louch, Mrs. Charles Alexander (Alice Adelaide Slow)",female,42.0,1,0,SC/AH 3085,26.0,,S,1,82,2.657294187564954,7.184523219702966
434,0,3,"Kallio, Mr. Nikolai Erland",male,17.0,0,0,STON/O 2. 3101274,7.125,,S,0,41,0.9105913456296166,20.776317455742216
435,0,1,"Silvey, Mr. William Baird",male,50.0,1,0,13507,55.9,E44,S,0,23,3.786957080408952,21.717262832086448
436,1,1,"Carter, Miss. Lucile Polk",female,14.0,1,2,113760,120.0,B96 B98,S,1,23,2.3292220463849014,16.99294530199044
437,0,3,"Ford, Miss. Doolina Margaret ""Daisy""",female,21.0,2,2,W./C. 6608,34.375,,S,0,0,2.642303151335781,2.6055384780382056
438,1,2,"Richards, Mrs. Sidney (Emily Hocking)",female,24.0,2,3,29106,18.75,,S,0,27,3.2015947377548484,3.417771880398922
439,0,1,"Fortune, Mr. Mark",male,64.0,1,4,19950,263.0,C23 C25 C27,S,0,27,2.900090845347548,15.90457523359471
440,0,2,"Kvillner, Mr. Johan Henrik Johannesson",male,31.0,0,0,C.A. 18723,10.5,,S,1,11,0.9510612031594654,21.515842780057266
441,1,2,"Hart, Mrs. Benjamin (Esther Ada Bloomfield)",female,45.0,1,1,F.C.C. 13529,26.25,,S,1,43,0.3632584009797206,10.669184943930427
442,0,3,"Hampe, Mr. Leon",male,20.0,0,0,345769,9.5,,S,1,42,3.235337127749629,11.318753359113014
443,0,3,"Petterson, Mr. Johan Emil",male,25.0,1,0,347076,7.775,,S,1,58,2.5380191502744394,2.3629913719237905
444,1,2,"Reynaldo, Ms. Encarnacion",female,28.0,0,0,230434,13.0,,S,1,39,2.5601508797701427,0.04282979795091313
445,1,3,"Johannesen-Bratthammer, Mr. Bernt",male,,0,0,65306,8.1125,,S,1,42,3.457992729168245,18.87934765675297
446,1,1,"Dodge, Master. Washington",male,4.0,0,2,33638,81.8583,A34,S,0,55,2.269191636947793,4.460350148339766
447,1,2,"Mellinger, Miss. Madeleine Violet",female,13.0,0,1,250644,19.5,,S,1,24,0.6233044170777275,2.0060847485005464
448,1,1,"Seward, Mr. Frederic Kimber",male,34.0,0,0,113794,26.55,,S,0,98,1.4116281338005354,1.8197865382708294
449,1,3,"Baclini, Miss. Marie Catherine",female,5.0,2,1,2666,19.2583,,C,0,74,0.15882970423637488,5.831003240021638
450,1,1,"Peuchen, Major. Arthur Godfrey",male,52.0,0,0,113786,30.5,C104,S,1,72,0.19811070012931076,18.938030492625288
451,0,2,"West, Mr. Edwy Arthur",male,36.0,1,2,C.A. 34651,27.75,,S,1,28,3.549067254919546,2.224740031874187
452,0,3,"Hagland, Mr. Ingvald Olai Olsen",male,,1,0,65303,19.9667,,S,1,49,1.2852205536421817,0.8025072067563004
453,0,1,"Foreman, Mr. Benjamin Laventall",male,30.0,0,0,113051,27.75,C111,C,0,70,1.9079625593517715,13.287180783671548
454,1,1,"Goldenberg, Mr. Samuel L",male,49.0,1,0,17453,89.1042,C92,C,1,82,0.448581101869034,20.484913605853468
455,0,3,"Peduzzi, Mr. Joseph",male,,0,0,A/5 2817,8.05,,S,1,6,2.417862035110379,14.578382676668777
456,1,3,"Jalsevac, Mr. Ivan",male,29.0,0,0,349240,7.8958,,C,1,9,1.0952533859720663,1.1169079241766684
457,0,1,"Millet, Mr. Francis Davis",male,65.0,0,0,13509,26.55,E38,S,1,55,3.572347733287563,6.449454165692015
458,1,1,"Kenyon, Mrs. Frederick R (Marion)",female,,1,0,17464,51.8625,D21,S,1,0,2.1801903309538737,18.004827375459985
459,1,2,"Toomey, Miss. Ellen",female,50.0,0,0,F.C.C. 13531,10.5,,S,0,88,2.6010421856681036,10.770370362862957
460,0,3,"O'Connor, Mr. Maurice",male,,0,0,371060,7.75,,Q,1,80,1.2057527345867292,14.158737249847839
461,1,1,"Anderson, Mr. Harry",male,48.0,0,0,19952,26.55,E12,S,1,35,1.9433377988767795,4.099854591340814
462,0,3,"Morley, Mr. William",male,34.0,0,0,364506,8.05,,S,0,17,3.6302006071168345,3.4553503795217857
463,0,1,"Gee, Mr. Arthur H",male,47.0,0,0,111320,38.5,E63,S,0,18,0.8965800973586737,10.885125288575544
464,0,2,"Milling, Mr. Jacob Christian",male,48.0,0,0,234360,13.0,,S,0,12,1.6876280390243,16.090106642725978
465,0,3,"Maisner, Mr. Simon",male,,0,0,A/S 2816,8.05,,S,1,34,3.7959678202336273,15.131561980226813
466,0,3,"Goncalves, Mr. Manuel Estanslas",male,38.0,0,0,SOTON/O.Q. 3101306,7.05,,S,1,32,2.361384170115248,16.20610139287462
467,0,2,"Campbell, Mr. William",male,,0,0,239853,0.0,,S,0,21,2.638185661703666,11.351384029234461
468,0,1,"Smart, Mr. John Montgomery",male,56.0,0,0,113792,26.55,,S,1,12,0.7935038834470332,10.74495746083191
469,0,3,"Scanlan, Mr. James",male,,0,0,36209,7.725,,Q,0,56,1.4897046639710445,14.616262456868483
470,1,3,"Baclini, Miss. Helene Barbara",female,0.75,2,1,2666,19.2583,,C,0,81,1.6145091350711258,5.634386956870907
471,0,3,"Keefe, Mr. Arthur",male,,0,0,323592,7.25,,S,1,0,0.41836834552076585,2.012415780545206
472,0,3,"Cacic, Mr. Luka",male,38.0,0,0,315089,8.6625,,S,0,77,1.622241523574203,17.044330197907716
473,1,2,"West, Mrs. Edwy Arthur (Ada Mary Worth)",female,33.0,1,2,C.A. 34651,27.75,,S,0,96,3.9168046482032017,9.79820036721975
474,1,2,"Jerwan, Mrs. Amin S (Marie Marthe Thuillard)",female,23.0,0,0,SC/AH Basle 541,13.7917,D,C,0,84,2.9813695425276774,16.078225253515434
475,0,3,"Strandberg, Miss. Ida Sofia",female,22.0,0,0,7553,9.8375,,S,0,35,3.5229846441649304,21.38015420140929
476,0,1,"Clifford, Mr. George Quincy",male,,0,0,110465,52.0,A14,S,0,59,2.1105903275888322,16.157771119294956
477,0,2,"Renouf, Mr. Peter Henry",male,34.0,1,0,31027,21.0,,S,0,58,1.1574843822684877,17.07240024110562
478,0,3,"Braund, Mr. Lewis Richard",male,29.0,1,0,3460,7.0458,,S,0,41,3.7058627218847975,6.930934504884952
479,0,3,"Karlsson, Mr. Nils August",male,22.0,0,0,350060,7.5208,,S,0,34,3.4815179912304077,21.726140367537933
480,1,3,"Hirvonen, Miss. Hildur E",female,2.0,0,1,3101298,12.2875,,S,1,59,1.855908208953434,17.984871830738378
481,0,3,"Goodwin, Master. Harold Victor",male,9.0,5,2,CA 2144,46.9,,S,1,48,2.0060633309816627,21.283659896458115
482,0,2,"Frost, Mr. Anthony Wood ""Archie""",male,,0,0,239854,0.0,,S,1,17,1.451755720028281,15.112745994644897
483,0,3,"Rouse, Mr. Richard Henry",male,50.0,0,0,A/5 3594,8.05,,S,1,73,2.3966912337125996,10.306910406975765
484,1,3,"Turkula, Mrs. (Hedwig)",female,63.0,0,0,4134,9.5875,,S,0,66,3.1672133040426402,3.104252151030513
485,1,1,"Bishop, Mr. Dickinson H",male,25.0,1,0,11967,91.0792,B49,C,1,24,1.8342334993307832,21.45763799435084
486,0,3,"Lefebre, Miss. Jeannie",female,,3,1,4133,25.4667,,S,1,74,3.421678737978833,20.811785459193445
487,1,1,"Hoyt, Mrs. Frederick Maxfield (Jane Anne Forby)",female,35.0,1,0,19943,90.0,C93,S,0,89,1.0650889505413264,18.689886098226644
488,0,1,"Kent, Mr. Edward Austin",male,58.0,0,0,11771,29.7,B37,C,1,78,2.5205384719679325,12.613659301471282
489,0,3,"Somerton, Mr. Francis William",male,30.0,0,0,A.5. 18509,8.05,,S,1,75,2.9387121959911986,3.0671932663334243
490,1,3,"Coutts, Master. Eden Leslie ""Neville""",male,9.0,1,1,C.A. 37671,15.9,,S,1,56,0.7343239782863229,6.169958111581698
491,0,3,"Hagland, Mr. Konrad Mathias Reiersen",male,,1,0,65304,19.9667,,S,0,5,2.625882771840483,16.124684360865235
492,0,3,"Windelov, Mr. Einar",male,21.0,0,0,SOTON/OQ 3101317,7.25,,S,1,8,2.5579433944626104,19.798137596544503
493,0,1,"Molson, Mr. Harry Markland",male,55.0,0,0,113787,30.5,C30,S,0,61,2.6566127152176087,6.038137410906796
494,0,1,"Artagaveytia, Mr. Ramon",male,71.0,0,0,PC 17609,49.5042,,C,1,2,1.4556703872840377,7.746708283042817
495,0,3,"Stanley, Mr. Edward Roland",male,21.0,0,0,A/4 45380,8.05,,S,0,45,3.294179941080363,3.543689433094822
496,0,3,"Yousseff, Mr. Gerious",male,,0,0,2627,14.4583,,C,1,44,3.8805176739659832,17.993378077803833
497,1,1,"Eustis, Miss. Elizabeth Mussey",female,54.0,1,0,36947,78.2667,D20,C,1,59,2.0845889017486923,18.620027782251046
498,0,3,"Shellard, Mr. Frederick William",male,,0,0,C.A. 6212,15.1,,S,0,53,3.350655140539009,6.774260162044053
499,0,1,"Allison, Mrs. Hudson J C (Bessie Waldo Daniels)",female,25.0,1,2,113781,151.55,C22 C26,S,0,20,2.9808323196911166,3.5367954252666163
500,0,3,"Svensson, Mr. Olof",male,24.0,0,0,350035,7.7958,,S,1,19,2.143426151643851,20.282846269659004
501,0,3,"Calic, Mr. Petar",male,17.0,0,0,315086,8.6625,,S,1,59,0.7785517777895365,14.1495952034944
502,0,3,"Canavan, Miss. Mary",female,21.0,0,0,364846,7.75,,Q,0,17,2.7513721707508276,14.120753684770825
503,0,3,"O'Sullivan, Miss. Bridget Mary",female,,0,0,330909,7.6292,,Q,1,96,0.07185047091403618,2.21914215985724
504,0,3,"Laitinen, Miss. Kristina Sofia",female,37.0,0,0,4135,9.5875,,S,0,54,2.5525601143970813,5.208713336848731
505,1,1,"Maioni, Miss. Roberta",female,16.0,0,0,110152,86.5,B79,S,1,9,1.0697003388645028,21.255793810684306
506,0,1,"Penasco y Castellana, Mr. Victor de Satode",male,18.0,1,0,PC 17758,108.9,C65,C,0,10,0.4296832368605026,7.49453383414496
507,1,2,"Quick, Mrs. Frederick Charles (Jane Richards)",female,33.0,0,2,26360,26.0,,S,0,49,3.468174913401909,10.530725193910913
508,1,1,"Bradley, Mr. George (""George Arthur Brayton"")",male,,0,0,111427,26.55,,S,1,22,2.958790718929767,14.939003722572588
509,0,3,"Olsen, Mr. Henry Margido",male,28.0,0,0,C 4001,22.525,,S,0,40,1.8895137524930532,6.093429453518295
510,1,3,"Lang, Mr. Fang",male,26.0,0,0,1601,56.4958,,S,0,37,0.3151185081125716,3.494173069706207
511,1,3,"Daly, Mr. Eugene Patrick",male,29.0,0,0,382651,7.75,,Q,0,77,3.7912616858061696,16.98198751504567
512,0,3,"Webber, Mr. James",male,,0,0,SOTON/OQ 3101316,8.05,,S,1,22,1.5325181814573434,6.30802450944152
513,1,1,"McGough, Mr. James Robert",male,36.0,0,0,PC 17473,26.2875,E25,S,1,44,3.484255401545361,16.12306446777066
514,1,1,"Rothschild, Mrs. Martin (Elizabeth L. Barrett)",female,54.0,1,0,PC 17603,59.4,,C,0,29,0.8452227180027818,0.5471220222746636
515,0,3,"Coleff, Mr. Satio",male,24.0,0,0,349209,7.4958,,S,1,78,0.9935635561763454,11.95892232937816
516,0,1,"Walker, Mr. William Anderson",male,47.0,0,0,36967,34.0208,D46,S,0,26,0.9020129403749881,4.336241118924251
517,1,2,"Lemore, Mrs. (Amelia Milley)",female,34.0,0,0,C.A. 34260,10.5,F33,S,1,52,2.67588543209682,10.433103652795133
518,0,3,"Ryan, Mr. Patrick",male,,0,0,371110,24.15,,Q,1,63,1.0187456132036337,8.489485170177254
519,1,2,"Angle, Mrs. William A (Florence ""Mary"" Agnes Hughes)",female,36.0,1,0,226875,26.0,,S,1,62,2.6815933423642875,16.358903787371684
520,0,3,"Pavlovic, Mr. Stefo",male,32.0,0,0,349242,7.8958,,S,1,83,1.9301125530506558,6.952256216677433
521,1,1,"Perreault, Miss. Anne",female,30.0,0,0,12749,93.5,B73,S,1,22,1.3520464199205513,0.6297299763331619
522,0,3,"Vovk, Mr. Janko",male,22.0,0,0,349252,7.8958,,S,0,62,1.6341150911968354,3.282576620577144
523,0,3,"Lahoud, Mr. Sarkis",male,,0,0,2624,7.225,,C,1,19,0.025463379620390025,3.251218247844635
524,1,1,"Hippach, Mrs. Louis Albert (Ida Sophia Fischer)",female,44.0,0,1,111361,57.9792,B18,C,0,9,2.7231394635610013,5.095591461740693
525,0,3,"Kassem, Mr. Fared",male,,0,0,2700,7.2292,,C,1,21,2.253551405567008,4.944247591879104
526,0,3,"Farrell, Mr. James",male,40.5,0,0,367232,7.75,,Q,0,11,3.275713402494096,19.927516170233474
527,1,2,"Ridsdale, Miss. Lucy",female,50.0,0,0,W./C. 14258,10.5,,S,1,31,2.46479710345781,16.997067060182918
528,0,1,"Farthing, Mr. John",male,,0,0,PC 17483,221.7792,C95,S,1,56,0.423625487075209,0.7847392997919203
529,0,3,"Salonen, Mr. Johan Werner",male,39.0,0,0,3101296,7.925,,S,1,24,3.5481304028341087,2.9061870621140207
530,0,2,"Hocking, Mr. Richard George",male,23.0,2,1,29104,11.5,,S,1,87,2.7822553478126326,4.491043137253896
531,1,2,"Quick, Miss. Phyllis May",female,2.0,1,1,26360,26.0,,S,0,42,2.4915447207695753,5.989349308206597
532,0,3,"Toufik, Mr. Nakli",male,,0,0,2641,7.2292,,C,1,81,3.01892225202959,0.5025512504332437
533,0,3,"Elias, Mr. Joseph Jr",male,17.0,1,1,2690,7.2292,,C,0,57,0.8641542367017365,20.984453069350174
534,1,3,"Peter, Mrs. Catherine (Catherine Rizk)",female,,0,2,2668,22.3583,,C,1,61,2.6408065508299026,8.962298801496425
535,0,3,"Cacic, Miss. Marija",female,30.0,0,0,315084,8.6625,,S,1,64,2.2363588459161807,6.6083682725951345
536,1,2,"Hart, Miss. Eva Miriam",female,7.0,0,2,F.C.C. 13529,26.25,,S,0,67,0.16227781929403484,6.199457468957606
537,0,1,"Butt, Major. Archibald Willingham",male,45.0,0,0,113050,26.55,B38,S,1,6,2.107132861300014,15.808054666222601
538,1,1,"LeRoy, Miss. Bertha",female,30.0,0,0,PC 17761,106.425,,C,1,88,1.304966286296784,0.17401086389915776
539,0,3,"Risien, Mr. Samuel Beard",male,,0,0,364498,14.5,,S,1,14,2.7548201335135127,21.378589153083276
540,1,1,"Frolicher, Miss. Hedwig Margaritha",female,22.0,0,2,13568,49.5,B39,C,0,41,3.951420777211182,11.777260284250996
541,1,1,"Crosby, Miss. Harriet R",female,36.0,0,2,WE/P 5735,71.0,B22,S,0,4,3.643066611438817,10.178462834832798
542,0,3,"Andersson, Miss. Ingeborg Constanzia",female,9.0,4,2,347082,31.275,,S,0,94,0.4950017316500297,7.762520047633416
543,0,3,"Andersson, Miss. Sigrid Elisabeth",female,11.0,4,2,347082,31.275,,S,0,7,1.9280134337348183,17.336111574459075
544,1,2,"Beane, Mr. Edward",male,32.0,1,0,2908,26.0,,S,1,84,3.8023336525445415,4.929676994739107
545,0,1,"Douglas, Mr. Walter Donald",male,50.0,1,0,PC 17761,106.425,C86,C,1,32,2.377968250520179,16.037115519284335
546,0,1,"Nicholson, Mr. Arthur Ernest",male,64.0,0,0,693,26.0,,S,0,4,3.6224228467442074,10.627846862117785
547,1,2,"Beane, Mrs. Edward (Ethel Clarke)",female,19.0,1,0,2908,26.0,,S,1,87,0.7308124529911297,4.836283694945523
548,1,2,"Padro y Manent, Mr. Julian",male,,0,0,SC/PARIS 2146,13.8625,,C,0,3,1.1821260204159372,5.116961539248096
549,0,3,"Goldsmith, Mr. Frank John",male,33.0,1,1,363291,20.525,,S,1,6,0.7598545915834234,12.588256251668728
550,1,2,"Davies, Master. John Morgan Jr",male,8.0,1,1,C.A. 33112,36.75,,S,1,55,2.2096379187058277,3.2549300484367656
551,1,1,"Thayer, Mr. John Borland Jr",male,17.0,0,2,17421,110.8833,C70,C,1,31,0.22830415943118387,17.773583737982268
552,0,2,"Sharp, Mr. Percival James R",male,27.0,0,0,244358,26.0,,S,0,90,2.3170173502710876,19.07764905691733
553,0,3,"O'Brien, Mr. Timothy",male,,0,0,330979,7.8292,,Q,1,86,1.395018389842916,9.763391548758781
554,1,3,"Leeni, Mr. Fahim (""Philip Zenni"")",male,22.0,0,0,2620,7.225,,C,1,11,3.6745685216511514,18.256366469467245
555,1,3,"Ohman, Miss. Velin",female,22.0,0,0,347085,7.775,,S,0,30,1.4449510962630572,15.25612589746046
556,0,1,"Wright, Mr. George",male,62.0,0,0,113807,26.55,,S,0,41,2.436956720234209,18.15566728016303
557,1,1,"Duff Gordon, Lady. (Lucille Christiana Sutherland) (""Mrs Morgan"")",female,48.0,1,0,11755,39.6,A16,C,1,5,3.5085986370373994,11.94149167741472
558,0,1,"Robbins, Mr. Victor",male,,0,0,PC 17757,227.525,,C,0,84,2.2250812368534842,18.952267891439842
559,1,1,"Taussig, Mrs. Emil (Tillie Mandelbaum)",female,39.0,1,1,110413,79.65,E67,S,1,74,1.4889741240393048,13.871031579770154
560,1,3,"de Messemaeker, Mrs. Guillaume Joseph (Emma)",female,36.0,1,0,345572,17.4,,S,0,68,3.206568553736696,17.539901243774903
561,0,3,"Morrow, Mr. Thomas Rowan",male,,0,0,372622,7.75,,Q,1,91,1.3667194109354073,21.80184030448439
562,0,3,"Sivic, Mr. Husein",male,40.0,0,0,349251,7.8958,,S,1,48,0.7243815803675528,7.428728511927115
563,0,2,"Norman, Mr. Robert Douglas",male,28.0,0,0,218629,13.5,,S,0,89,3.97184683544479,5.604092593861171
564,0,3,"Simmons, Mr. John",male,,0,0,SOTON/OQ 392082,8.05,,S,0,38,2.455691853912678,8.473166133269006
565,0,3,"Meanwell, Miss. (Marion Ogden)",female,,0,0,SOTON/O.Q. 392087,8.05,,S,1,21,1.4660334466201355,21.584055066927075
566,0,3,"Davies, Mr. Alfred J",male,24.0,2,0,A/4 48871,24.15,,S,0,90,2.6651926037570184,21.75449605967418
567,0,3,"Stoytcheff, Mr. Ilia",male,19.0,0,0,349205,7.8958,,S,1,82,1.68421066504447,2.971615977591515
568,0,3,"Palsson, Mrs. Nils (Alma Cornelia Berglund)",female,29.0,0,4,349909,21.075,,S,1,20,1.3998371589905392,11.842320399665898
569,0,3,"Doharr, Mr. Tannous",male,,0,0,2686,7.2292,,C,0,93,0.5139444457169713,12.35950961446154
570,1,3,"Jonsson, Mr. Carl",male,32.0,0,0,350417,7.8542,,S,1,41,1.0458362529446577,10.514304351425313
571,1,2,"Harris, Mr. George",male,62.0,0,0,S.W./PP 752,10.5,,S,1,31,2.013932703733287,8.959358335218052
572,1,1,"Appleton, Mrs. Edward Dale (Charlotte Lamson)",female,53.0,2,0,11769,51.4792,C101,S,0,51,3.221632748681365,9.237849004248496
573,1,1,"Flynn, Mr. John Irwin (""Irving"")",male,36.0,0,0,PC 17474,26.3875,E25,S,1,4,2.685517593979117,20.60621861790976
574,1,3,"Kelly, Miss. Mary",female,,0,0,14312,7.75,,Q,1,97,3.9492393135554757,13.333102974712194
575,0,3,"Rush, Mr. Alfred George John",male,16.0,0,0,A/4. 20589,8.05,,S,1,17,1.3101943077198328,5.92986934801908
576,0,3,"Patchett, Mr. George",male,19.0,0,0,358585,14.5,,S,1,81,1.5314694011268304,7.420464654725153
577,1,2,"Garside, Miss. Ethel",female,34.0,0,0,243880,13.0,,S,1,49,0.9509755453493143,11.44534977702102
578,1,1,"Silvey, Mrs. William Baird (Alice Munger)",female,39.0,1,0,13507,55.9,E44,S,0,46,3.1891552447171274,21.06060272208769
579,0,3,"Caram, Mrs. Joseph (Maria Elias)",female,,1,0,2689,14.4583,,C,1,9,2.7483157888189558,19.737179848710074
580,1,3,"Jussila, Mr. Eiriik",male,32.0,0,0,STON/O 2. 3101286,7.925,,S,0,84,1.1562573349974592,8.644942999534454
581,1,2,"Christy, Miss. Julie Rachel",female,25.0,1,1,237789,30.0,,S,1,60,1.5315036827776094,15.678886872143698
582,1,1,"Thayer, Mrs. John Borland (Marian Longstreth Morris)",female,39.0,1,1,17421,110.8833,C68,C,0,44,0.19052520863926414,18.517729053512625
583,0,2,"Downton, Mr. William James",male,54.0,0,0,28403,26.0,,S,0,93,0.8111390881471836,12.165390902992403
584,0,1,"Ross, Mr. John Hugo",male,36.0,0,0,13049,40.125,A10,C,0,29,1.82914609237625,6.421853224739841
585,0,3,"Paulner, Mr. Uscher",male,,0,0,3411,8.7125,,C,1,83,2.3324194228927535,7.06214978758705
586,1,1,"Taussig, Miss. Ruth",female,18.0,0,2,110413,79.65,E68,S,0,55,1.2209768321246202,17.05768181614737
587,0,2,"Jarvis, Mr. John Denzil",male,47.0,0,0,237565,15.0,,S,1,92,0.02236043733542914,15.025999440876515
588,1,1,"Frolicher-Stehli, Mr. Maxmillian",male,60.0,1,1,13567,79.2,B41,C,1,11,2.631290704140957,18.188040322661237
589,0,3,"Gilinski, Mr. Eliezer",male,22.0,0,0,14973,8.05,,S,1,82,0.5982782774568705,3.653681003506578
590,0,3,"Murdlin, Mr. Joseph",male,,0,0,A./5. 3235,8.05,,S,1,80,2.761827267965003,8.3012743158278
591,0,3,"Rintamaki, Mr. Matti",male,35.0,0,0,STON/O 2. 3101273,7.125,,S,1,54,0.008761776670176857,10.335974529746586
592,1,1,"Stephenson, Mrs. Walter Bertram (Martha Eustis)",female,52.0,1,0,36947,78.2667,D20,C,1,41,2.739315706357294,13.393742941285954
593,0,3,"Elsbury, Mr. William James",male,47.0,0,0,A/5 3902,7.25,,S,1,62,3.18635792432388,8.718640301819296
594,0,3,"Bourke, Miss. Mary",female,,0,2,364848,7.75,,Q,1,19,1.2544866567197839,16.002512626001334
595,0,2,"Chapman, Mr. John Henry",male,37.0,1,0,SC/AH 29037,26.0,,S,0,33,3.541133013340579,14.95238358692302
596,0,3,"Van Impe, Mr. Jean Baptiste",male,36.0,1,1,345773,24.15,,S,1,3,3.316657461588184,17.34043002476735
597,1,2,"Leitch, Miss. Jessie Wills",female,,0,0,248727,33.0,,S,1,22,0.45612887881491204,12.596604451235663
598,0,3,"Johnson, Mr. Alfred",male,49.0,0,0,LINE,0.0,,S,1,49,0.03276164159525585,12.17036470033453
599,0,3,"Boulos, Mr. Hanna",male,,0,0,2664,7.225,,C,1,60,3.6218137146776455,5.469252207156299
600,1,1,"Duff Gordon, Sir. Cosmo Edmund (""Mr Morgan"")",male,49.0,1,0,PC 17485,56.9292,A20,C,1,43,1.9303121944323958,11.484883645718451
601,1,2,"Jacobsohn, Mrs. Sidney Samuel (Amy Frances Christy)",female,24.0,2,1,243847,27.0,,S,0,74,1.0039133399648974,5.758343430259553
602,0,3,"Slabenoff, Mr. Petco",male,,0,0,349214,7.8958,,S,1,51,0.23077812063342407,2.8935042311633885
603,0,1,"Harrington, Mr. Charles H",male,,0,0,113796,42.4,,S,1,19,1.2924520885306605,0.33690846208485237
604,0,3,"Torber, Mr. Ernst William",male,44.0,0,0,364511,8.05,,S,0,44,2.400164136287025,9.738552130554602
605,1,1,"Homer, Mr. Harry (""Mr E Haven"")",male,35.0,0,0,111426,26.55,,C,1,49,0.2578001003178274,12.632950784093097
606,0,3,"Lindell, Mr. Edvard Bengtsson",male,36.0,1,0,349910,15.55,,S,1,21,1.1727548814895208,1.177322454177528
607,0,3,"Karaic, Mr. Milan",male,30.0,0,0,349246,7.8958,,S,1,41,1.1690001769622258,10.809805706928179
608,1,1,"Daniel, Mr. Robert Williams",male,27.0,0,0,113804,30.5,,S,1,14,0.18231552732146472,14.401615425071363
609,1,2,"Laroche, Mrs. Joseph (Juliette Marie Louise Lafargue)",female,22.0,1,2,SC/Paris 2123,41.5792,,C,0,64,2.0968232207955393,0.5250030225848261
610,1,1,"Shutes, Miss. Elizabeth W",female,40.0,0,0,PC 17582,153.4625,C125,S,0,92,1.9672966852891611,7.297971829331979
611,0,3,"Andersson, Mrs. Anders Johan (Alfrida Konstantia Brogren)",female,39.0,1,5,347082,31.275,,S,1,86,3.313296048079632,17.5541612480263
612,0,3,"Jardin, Mr. Jose Neto",male,,0,0,SOTON/O.Q. 3101305,7.05,,S,0,98,2.635608648562272,21.6692616710337
613,1,3,"Murphy, Miss. Margaret Jane",female,,1,0,367230,15.5,,Q,0,71,1.4892014729670446,1.377836539014886
614,0,3,"Horgan, Mr. John",male,,0,0,370377,7.75,,Q,1,33,0.23722239585589833,11.834158165531653
615,0,3,"Brocklebank, Mr. William Alfred",male,35.0,0,0,364512,8.05,,S,0,45,0.2454373009773403,4.142769971376887
616,1,2,"Herman, Miss. Alice",female,24.0,1,2,220845,65.0,,S,0,18,3.5371782476588227,1.3641291801117885
617,0,3,"Danbom, Mr. Ernst Gilbert",male,34.0,1,1,347080,14.4,,S,0,30,1.287243031535628,14.827917340291759
618,0,3,"Lobb, Mrs. William Arthur (Cordelia K Stanlick)",female,26.0,1,0,A/5. 3336,16.1,,S,1,97,2.1463810579768987,19.20523061387054
619,1,2,"Becker, Miss. Marion Louise",female,4.0,2,1,230136,39.0,F4,S,0,32,2.8845241393888963,21.815333230561865
620,0,2,"Gavey, Mr. Lawrence",male,26.0,0,0,31028,10.5,,S,0,68,1.2130338823678746,2.335420133618106
621,0,3,"Yasbeck, Mr. Antoni",male,27.0,1,0,2659,14.4542,,C,1,11,2.221057378661628,7.337089888653363
622,1,1,"Kimball, Mr. Edwin Nelson Jr",male,42.0,1,0,11753,52.5542,D19,S,0,9,3.3521479268026995,20.340154683439295
623,1,3,"Nakid, Mr. Sahid",male,20.0,1,1,2653,15.7417,,C,1,92,0.8110860774585893,17.653765426537866
624,0,3,"Hansen, Mr. Henry Damsgaard",male,21.0,0,0,350029,7.8542,,S,0,10,0.7137161984273908,20.608291070917062
625,0,3,"Bowen, Mr. David John ""Dai""",male,21.0,0,0,54636,16.1,,S,1,93,2.134041003047905,4.437229330113881
626,0,1,"Sutton, Mr. Frederick",male,61.0,0,0,36963,32.3208,D50,S,1,36,3.748163710208623,20.42251630694975
627,0,2,"Kirkland, Rev. Charles Leonard",male,57.0,0,0,219533,12.35,,Q,0,47,2.0024726208313157,14.520054371283166
628,1,1,"Longley, Miss. Gretchen Fiske",female,21.0,0,0,13502,77.9583,D9,S,1,4,3.0938733842639468,17.436724986764325
629,0,3,"Bostandyeff, Mr. Guentcho",male,26.0,0,0,349224,7.8958,,S,0,4,0.30035215631380874,20.772280450711094
630,0,3,"O'Connell, Mr. Patrick D",male,,0,0,334912,7.7333,,Q,0,28,0.7341887281874313,20.638341485201305
631,1,1,"Barkworth, Mr. Algernon Henry Wilson",male,80.0,0,0,27042,30.0,A23,S,0,24,2.3765092525059566,10.428580513073413
632,0,3,"Lundahl, Mr. Johan Svensson",male,51.0,0,0,347743,7.0542,,S,1,11,1.9034926925654108,13.013250408251656
633,1,1,"Stahelin-Maeglin, Dr. Max",male,32.0,0,0,13214,30.5,B50,C,0,5,2.5061366700076126,12.423764517387404
634,0,1,"Parr, Mr. William Henry Marsh",male,,0,0,112052,0.0,,S,0,64,1.0628575902554305,11.478804181017496
635,0,3,"Skoog, Miss. Mabel",female,9.0,3,2,347088,27.9,,S,1,96,1.8182652988124879,9.66696125189334
636,1,2,"Davis, Miss. Mary",female,28.0,0,0,237668,13.0,,S,0,34,1.237679132830678,6.514189553714555
637,0,3,"Leinonen, Mr. Antti Gustaf",male,32.0,0,0,STON/O 2. 3101292,7.925,,S,0,65,3.5560946929081374,17.484536392762546
638,0,2,"Collyer, Mr. Harvey",male,31.0,1,1,C.A. 31921,26.25,,S,0,51,3.229895866710137,12.297729201176688
639,0,3,"Panula, Mrs. Juha (Maria Emilia Ojala)",female,41.0,0,5,3101295,39.6875,,S,1,70,1.088470633144952,13.709552485416669
640,0,3,"Thorneycroft, Mr. Percival",male,,1,0,376564,16.1,,S,0,55,1.0809522111241683,17.33842587681873
641,0,3,"Jensen, Mr. Hans Peder",male,20.0,0,0,350050,7.8542,,S,1,94,2.6036723750346313,19.83134489718724
642,1,1,"Sagesser, Mlle. Emma",female,24.0,0,0,PC 17477,69.3,B35,C,0,53,0.9350398920024849,3.0128267217337177
643,0,3,"Skoog, Miss. Margit Elizabeth",female,2.0,3,2,347088,27.9,,S,1,65,0.18044532879961217,8.18631559425195
644,1,3,"Foo, Mr. Choong",male,,0,0,1601,56.4958,,S,1,57,0.8917773436387106,6.097429676046355
645,1,3,"Baclini, Miss. Eugenie",female,0.75,2,1,2666,19.2583,,C,1,98,3.4108665072701343,4.401324340903873
646,1,1,"Harper, Mr. Henry Sleeper",male,48.0,1,0,PC 17572,76.7292,D33,C,1,43,0.6673777328892436,2.4667411651804496
647,0,3,"Cor, Mr. Liudevit",male,19.0,0,0,349231,7.8958,,S,0,18,0.7550246938289598,19.692884033454572
648,1,1,"Simonius-Blumer, Col. Oberst Alfons",male,56.0,0,0,13213,35.5,A26,C,1,42,2.782140403528424,13.34262856413417
649,0,3,"Willey, Mr. Edward",male,,0,0,S.O./P.P. 751,7.55,,S,0,65,0.9424560890679694,0.03484988416911938
650,1,3,"Stanley, Miss. Amy Zillah Elsie",female,23.0,0,0,CA. 2314,7.55,,S,0,90,1.9827758024129647,19.18293110944322
651,0,3,"Mitkoff, Mr. Mito",male,,0,0,349221,7.8958,,S,0,8,3.992485604495524,19.717338055656125
652,1,2,"Doling, Miss. Elsie",female,18.0,0,1,231919,23.0,,S,1,4,0.7799860177290192,7.108417645744243
653,0,3,"Kalvik, Mr. Johannes Halvorsen",male,21.0,0,0,8475,8.4333,,S,0,10,1.5959416628074976,16.125014405106256
654,1,3,"O'Leary, Miss. Hanora ""Norah""",female,,0,0,330919,7.8292,,Q,1,9,2.6735119859228162,1.0793283330544214
655,0,3,"Hegarty, Miss. Hanora ""Nora""",female,18.0,0,0,365226,6.75,,Q,0,73,2.1660099635021424,9.704596807373912
656,0,2,"Hickman, Mr. Leonard Mark",male,24.0,2,0,S.O.C. 14879,73.5,,S,0,44,1.5168409279569888,9.99629520014645
657,0,3,"Radeff, Mr. Alexander",male,,0,0,349223,7.8958,,S,1,86,3.4231192467856575,19.79803825789063
658,0,3,"Bourke, Mrs. John (Catherine)",female,32.0,1,1,364849,15.5,,Q,0,13,0.10498306353991005,17.84713127461605
659,0,2,"Eitemiller, Mr. George Floyd",male,23.0,0,0,29751,13.0,,S,0,65,2.250448357954858,6.241846487269355
660,0,1,"Newell, Mr. Arthur Webster",male,58.0,0,2,35273,113.275,D48,C,1,1,1.572146899958152,15.399908059749299
661,1,1,"Frauenthal, Dr. Henry William",male,50.0,2,0,PC 17611,133.65,,S,1,55,2.525821930185541,19.244022629896076
662,0,3,"Badt, Mr. Mohamed",male,40.0,0,0,2623,7.225,,C,1,63,3.845076948217777,19.733364137166205
663,0,1,"Colley, Mr. Edward Pomeroy",male,47.0,0,0,5727,25.5875,E58,S,1,70,3.266599463933164,7.786822468136423
664,0,3,"Coleff, Mr. Peju",male,36.0,0,0,349210,7.4958,,S,1,98,1.849921361751517,5.236641512581615
665,1,3,"Lindqvist, Mr. Eino William",male,20.0,1,0,STON/O 2. 3101285,7.925,,S,0,60,2.1799927112758035,10.43282814180952
666,0,2,"Hickman, Mr. Lewis",male,32.0,2,0,S.O.C. 14879,73.5,,S,0,41,0.03503699475033262,19.346236693369836
667,0,2,"Butler, Mr. Reginald Fenton",male,25.0,0,0,234686,13.0,,S,0,29,2.9416404810800634,17.712515142569366
668,0,3,"Rommetvedt, Mr. Knud Paust",male,,0,0,312993,7.775,,S,0,61,2.77016689268114,1.022563935082604
669,0,3,"Cook, Mr. Jacob",male,43.0,0,0,A/5 3536,8.05,,S,1,0,3.7858131326704285,17.721653397554043
670,1,1,"Taylor, Mrs. Elmer Zebley (Juliet Cummins Wright)",female,,1,0,19996,52.0,C126,S,1,75,1.8401428085051608,5.783494751611489
671,1,2,"Brown, Mrs. Thomas William Solomon (Elizabeth Catherine Ford)",female,40.0,1,1,29750,39.0,,S,1,67,1.2831671056380989,1.71333800895763
672,0,1,"Davidson, Mr. Thornton",male,31.0,1,0,F.C. 12750,52.0,B71,S,1,84,3.3738878437223505,10.66487006966703
673,0,2,"Mitchell, Mr. Henry Michael",male,70.0,0,0,C.A. 24580,10.5,,S,1,27,0.7963680118168406,11.498809638395658
674,1,2,"Wilhelms, Mr. Charles",male,31.0,0,0,244270,13.0,,S,0,10,1.961940051959143,11.815093654917574
675,0,2,"Watson, Mr. Ennis Hastings",male,,0,0,239856,0.0,,S,0,80,0.48743285807141623,14.578233916857982
676,0,3,"Edvardsson, Mr. Gustaf Hjalmar",male,18.0,0,0,349912,7.775,,S,0,81,3.3375499046103574,2.297555270872545
677,0,3,"Sawyer, Mr. Frederick Charles",male,24.5,0,0,342826,8.05,,S,1,19,3.050945410004413,12.092015373018759
678,1,3,"Turja, Miss. Anna Sofia",female,18.0,0,0,4138,9.8417,,S,1,81,2.289638637266434,8.41264598011913
679,0,3,"Goodwin, Mrs. Frederick (Augusta Tyler)",female,43.0,1,6,CA 2144,46.9,,S,0,57,1.614939074994088,10.94127008268378
680,1,1,"Cardeza, Mr. Thomas Drake Martinez",male,36.0,0,1,PC 17755,512.3292,B51 B53 B55,C,1,93,3.2991904236617136,12.596578184672275
681,0,3,"Peters, Miss. Katie",female,,0,0,330935,8.1375,,Q,1,64,2.6755236828982807,12.824797663944485
682,1,1,"Hassab, Mr. Hammad",male,27.0,0,0,PC 17572,76.7292,D49,C,0,70,0.31603579001459847,17.562436775394378
683,0,3,"Olsvigen, Mr. Thor Anderson",male,20.0,0,0,6563,9.225,,S,0,78,2.8733551857974753,15.925060293355083
684,0,3,"Goodwin, Mr. Charles Edward",male,14.0,5,2,CA 2144,46.9,,S,1,13,0.19536098103511002,10.803433509799687
685,0,2,"Brown, Mr. Thomas William Solomon",male,60.0,1,1,29750,39.0,,S,0,25,1.6451087935169255,4.008755521556735
686,0,2,"Laroche, Mr. Joseph Philippe Lemercier",male,25.0,1,2,SC/Paris 2123,41.5792,,C,0,31,2.584089231396227,18.31928051136217
687,0,3,"Panula, Mr. Jaako Arnold",male,14.0,4,1,3101295,39.6875,,S,1,55,1.8918078928932691,13.724519049397514
688,0,3,"Dakic, Mr. Branko",male,19.0,0,0,349228,10.1708,,S,0,85,3.952934530539473,14.513833605355101
689,0,3,"Fischer, Mr. Eberhard Thelander",male,18.0,0,0,350036,7.7958,,S,0,4,1.864398409717297,16.064669858055503
690,1,1,"Madill, Miss. Georgette Alexandra",female,15.0,0,1,24160,211.3375,B5,S,1,5,0.9833219795664903,8.476223474550988
691,1,1,"Dick, Mr. Albert Adrian",male,31.0,1,0,17474,57.0,B20,S,1,34,1.0735024299052038,7.854231815940067
692,1,3,"Karun, Miss. Manca",female,4.0,0,1,349256,13.4167,,C,0,0,3.6139820049128173,3.546500704886897
693,1,3,"Lam, Mr. Ali",male,,0,0,1601,56.4958,,S,1,50,2.381718362696742,21.683456442750778
694,0,3,"Saad, Mr. Khalil",male,25.0,0,0,2672,7.225,,C,1,81,3.5621099662486824,2.065988222246647
695,0,1,"Weir, Col. John",male,60.0,0,0,113800,26.55,,S,1,66,2.4676788989851524,14.515656757607996
696,0,2,"Chapman, Mr. Charles Henry",male,52.0,0,0,248731,13.5,,S,1,74,2.876586539470909,12.167480224758293
697,0,3,"Kelly, Mr. James",male,44.0,0,0,363592,8.05,,S,0,70,2.292700470995612,12.007650647761617
698,1,3,"Mullens, Miss. Katherine ""Katie""",female,,0,0,35852,7.7333,,Q,0,54,0.8134057312417062,17.29028500780409
699,0,1,"Thayer, Mr. John Borland",male,49.0,1,1,17421,110.8833,C68,C,1,96,2.6182369099930805,3.5315031369638223
700,0,3,"Humblen, Mr. Adolf Mathias Nicolai Olsen",male,42.0,0,0,348121,7.65,F G63,S,1,40,3.745275698348334,21.035966590162005
701,1,1,"Astor, Mrs. John Jacob (Madeleine Talmadge Force)",female,18.0,1,0,PC 17757,227.525,C62 C64,C,0,91,3.992132529358518,2.266856914901654
702,1,1,"Silverthorne, Mr. Spencer Victor",male,35.0,0,0,PC 17475,26.2875,E24,S,1,19,3.0614693314062285,13.083197513995087
703,0,3,"Barbara, Miss. Saiide",female,18.0,0,1,2691,14.4542,,C,0,56,0.7524128570101407,19.087020469486273
704,0,3,"Gallagher, Mr. Martin",male,25.0,0,0,36864,7.7417,,Q,1,2,2.1074503916191047,20.739532076143778
705,0,3,"Hansen, Mr. Henrik Juul",male,26.0,1,0,350025,7.8542,,S,0,37,3.1984254314731086,4.133060532366187
706,0,2,"Morley, Mr. Henry Samuel (""Mr Henry Marshall"")",male,39.0,0,0,250655,26.0,,S,1,45,3.359188267801717,1.6292318667482006
707,1,2,"Kelly, Mrs. Florence ""Fannie""",female,45.0,0,0,223596,13.5,,S,0,73,1.7326141777903508,0.9410538299286437
708,1,1,"Calderhead, Mr. Edward Pennington",male,42.0,0,0,PC 17476,26.2875,E24,S,0,17,2.8464008394263542,10.953225345800968
709,1,1,"Cleaver, Miss. Alice",female,22.0,0,0,113781,151.55,,S,1,71,1.686590168205183,19.4073242978551
710,1,3,"Moubarek, Master. Halim Gonios (""William George"")",male,,1,1,2661,15.2458,,C,1,72,1.2390735805752469,20.374316219269804
711,1,1,"Mayne, Mlle. Berthe Antonine (""Mrs de Villiers"")",female,24.0,0,0,PC 17482,49.5042,C90,C,0,2,3.2568179310227823,14.997577314268142
712,0,1,"Klaber, Mr. Herman",male,,0,0,113028,26.55,C124,S,1,17,2.865448735535582,14.401809903268065
713,1,1,"Taylor, Mr. Elmer Zebley",male,48.0,1,0,19996,52.0,C126,S,1,75,3.8156603120868198,1.3663113655755723
714,0,3,"Larsson, Mr. August Viktor",male,29.0,0,0,7545,9.4833,,S,1,32,3.534743623494286,8.477981098984136
715,0,2,"Greenberg, Mr. Samuel",male,52.0,0,0,250647,13.0,,S,1,53,2.2424766515241394,9.112113516717478
716,0,3,"Soholt, Mr. Peter Andreas Lauritz Andersen",male,19.0,0,0,348124,7.65,F G73,S,0,14,1.9263446883467998,7.88887058772715
717,1,1,"Endres, Miss. Caroline Louise",female,38.0,0,0,PC 17757,227.525,C45,C,1,10,3.019544666609501,9.528241264093598
718,1,2,"Troutt, Miss. Edwina Celia ""Winnie""",female,27.0,0,0,34218,10.5,E101,S,1,63,3.6230224487175517,17.260083389336987
719,0,3,"McEvoy, Mr. Michael",male,,0,0,36568,15.5,,Q,0,18,3.7984303243557695,20.410617340664796
720,0,3,"Johnson, Mr. Malkolm Joackim",male,33.0,0,0,347062,7.775,,S,1,32,1.442257071661352,9.628358984880016
721,1,2,"Harper, Miss. Annie Jessie ""Nina""",female,6.0,0,1,248727,33.0,,S,1,27,0.4415095977443064,21.74043886757684
722,0,3,"Jensen, Mr. Svend Lauritz",male,17.0,1,0,350048,7.0542,,S,0,19,3.6483102246416785,5.999117618418142
723,0,2,"Gillespie, Mr. William Henry",male,34.0,0,0,12233,13.0,,S,0,32,0.5446961008206133,9.111873483383926
724,0,2,"Hodges, Mr. Henry Price",male,50.0,0,0,250643,13.0,,S,1,29,3.6604928551293994,2.4945398919926127
725,1,1,"Chambers, Mr. Norman Campbell",male,27.0,1,0,113806,53.1,E8,S,1,6,1.029914731869408,8.872924951134568
726,0,3,"Oreskovic, Mr. Luka",male,20.0,0,0,315094,8.6625,,S,0,5,3.7826767856890706,15.791065271214563
727,1,2,"Renouf, Mrs. Peter Henry (Lillian Jefferys)",female,30.0,3,0,31027,21.0,,S,0,76,0.8828380791149759,19.465171338700145
728,1,3,"Mannion, Miss. Margareth",female,,0,0,36866,7.7375,,Q,1,48,3.2536569847614913,0.09813427694072074
729,0,2,"Bryhl, Mr. Kurt Arnold Gottfrid",male,25.0,1,0,236853,26.0,,S,1,21,0.3868909492320549,20.348411792234213
730,0,3,"Ilmakangas, Miss. Pieta Sofia",female,25.0,1,0,STON/O2. 3101271,7.925,,S,1,56,1.9819352619726267,15.422539247388727
731,1,1,"Allen, Miss. Elisabeth Walton",female,29.0,0,0,24160,211.3375,B5,S,0,76,2.752011238729347,16.232160683165375
732,0,3,"Hassan, Mr. Houssein G N",male,11.0,0,0,2699,18.7875,,C,0,79,1.7330590088612503,21.09749390316041
733,0,2,"Knight, Mr. Robert J",male,,0,0,239855,0.0,,S,0,57,2.0927394938387964,21.22380844441677
734,0,2,"Berriman, Mr. William John",male,23.0,0,0,28425,13.0,,S,1,79,2.095752637602812,4.3580271916233855
735,0,2,"Troupiansky, Mr. Moses Aaron",male,23.0,0,0,233639,13.0,,S,1,79,1.9607360259783593,1.5033390224867158
736,0,3,"Williams, Mr. Leslie",male,28.5,0,0,54636,16.1,,S,0,20,1.3278721009001297,18.089834944054004
737,0,3,"Ford, Mrs. Edward (Margaret Ann Watson)",female,48.0,1,3,W./C. 6608,34.375,,S,1,35,1.3232218092102634,12.731657797575958
738,1,1,"Lesurer, Mr. Gustave J",male,35.0,0,0,PC 17755,512.3292,B101,C,1,26,0.4864791805665525,12.664145867862675
739,0,3,"Ivanoff, Mr. Kanio",male,,0,0,349201,7.8958,,S,0,8,1.5164567253192538,10.911321331876298
740,0,3,"Nankoff, Mr. Minko",male,,0,0,349218,7.8958,,S,0,11,1.2335429080349876,20.29124629606898
741,1,1,"Hawksford, Mr. Walter James",male,,0,0,16988,30.0,D45,S,0,56,2.8605223147129935,2.7298655415393256
742,0,1,"Cavendish, Mr. Tyrell William",male,36.0,1,0,19877,78.85,C46,S,1,53,2.3946685943466117,9.285422214372918
743,1,1,"Ryerson, Miss. Susan Parker ""Suzette""",female,21.0,2,2,PC 17608,262.375,B57 B59 B63 B66,C,1,38,3.740685575976137,15.075187186953045
744,0,3,"McNamee, Mr. Neal",male,24.0,1,0,376566,16.1,,S,1,50,2.097466443236167,21.689762601015754
745,1,3,"Stranden, Mr. Juho",male,31.0,0,0,STON/O 2. 3101288,7.925,,S,0,39,0.6687242525178378,21.206364298153872
746,0,1,"Crosby, Capt. Edward Gifford",male,70.0,1,1,WE/P 5735,71.0,B22,S,1,60,1.6037250368427065,1.7913662442107907
747,0,3,"Abbott, Mr. Rossmore Edward",male,16.0,1,1,C.A. 2673,20.25,,S,0,87,0.5407680831755068,3.878545740602009
748,1,2,"Sinkkonen, Miss. Anna",female,30.0,0,0,250648,13.0,,S,0,29,1.1373896653693993,21.51284392152439
749,0,1,"Marvin, Mr. Daniel Warner",male,19.0,1,0,113773,53.1,D30,S,0,23,3.8921306954091923,18.42100313165973
750,0,3,"Connaghton, Mr. Michael",male,31.0,0,0,335097,7.75,,Q,0,43,3.4203226966103544,14.786130163326892
751,1,2,"Wells, Miss. Joan",female,4.0,1,1,29103,23.0,,S,0,16,2.3229231738852656,14.841588814294154
752,1,3,"Moor, Master. Meier",male,6.0,0,1,392096,12.475,E121,S,0,54,3.3779035362189442,12.019163439470686
753,0,3,"Vande Velde, Mr. Johannes Joseph",male,33.0,0,0,345780,9.5,,S,1,38,1.4374665343162913,14.801637688188457
754,0,3,"Jonkoff, Mr. Lalio",male,23.0,0,0,349204,7.8958,,S,0,27,0.5919384545862503,21.43175804959336
755,1,2,"Herman, Mrs. Samuel (Jane Laver)",female,48.0,1,2,220845,65.0,,S,0,94,2.850547513691671,4.9652344216064686
756,1,2,"Hamalainen, Master. Viljo",male,0.67,1,1,250649,14.5,,S,0,27,0.8910702145822809,5.183990797702547
757,0,3,"Carlsson, Mr. August Sigfrid",male,28.0,0,0,350042,7.7958,,S,1,27,3.169753205719797,21.94345148752046
758,0,2,"Bailey, Mr. Percy Andrew",male,18.0,0,0,29108,11.5,,S,0,46,2.4553197197429464,18.66888804046902
759,0,3,"Theobald, Mr. Thomas Leonard",male,34.0,0,0,363294,8.05,,S,1,23,3.4462145333950898,10.217552330222322
760,1,1,"Rothes, the Countess. of (Lucy Noel Martha Dyer-Edwards)",female,33.0,0,0,110152,86.5,B77,S,1,84,3.5564096134865757,10.761103746468196
761,0,3,"Garfirth, Mr. John",male,,0,0,358585,14.5,,S,0,14,2.3550561423879897,15.29863579209945
762,0,3,"Nirva, Mr. Iisakki Antino Aijo",male,41.0,0,0,SOTON/O2 3101272,7.125,,S,1,48,1.934378747823815,9.27697540861024
763,1,3,"Barah, Mr. Hanna Assi",male,20.0,0,0,2663,7.2292,,C,0,91,3.1269711064000774,11.724710196286624
764,1,1,"Carter, Mrs. William Ernest (Lucile Polk)",female,36.0,1,2,113760,120.0,B96 B98,S,0,95,2.1466999817129904,1.0210926806422946
765,0,3,"Eklund, Mr. Hans Linus",male,16.0,0,0,347074,7.775,,S,0,26,0.455302027742877,2.988067568834807
766,1,1,"Hogeboom, Mrs. John C (Anna Andrews)",female,51.0,1,0,13502,77.9583,D11,S,1,43,2.84190765236196,19.721595001761163
767,0,1,"Brewe, Dr. Arthur Jackson",male,,0,0,112379,39.6,,C,0,94,0.0615584188197289,18.159181159251435
768,0,3,"Mangan, Miss. Mary",female,30.5,0,0,364850,7.75,,Q,0,54,2.13858423968157,0.7450048931951103
769,0,3,"Moran, Mr. Daniel J",male,,1,0,371110,24.15,,Q,0,27,0.43151840254826457,21.794893422602076
770,0,3,"Gronnestad, Mr. Daniel Danielsen",male,32.0,0,0,8471,8.3625,,S,0,22,1.8805899038774605,6.153941571297124
771,0,3,"Lievens, Mr. Rene Aime",male,24.0,0,0,345781,9.5,,S,1,40,1.5337647791996192,3.452143563710461
772,0,3,"Jensen, Mr. Niels Peder",male,48.0,0,0,350047,7.8542,,S,0,7,1.212347452138908,1.847469038957756
773,0,2,"Mack, Mrs. (Mary)",female,57.0,0,0,S.O./P.P. 3,10.5,E77,S,0,75,0.8901086640654885,16.04418156478543
774,0,3,"Elias, Mr. Dibo",male,,0,0,2674,7.225,,C,1,46,2.0114469362885394,18.428375351021618
775,1,2,"Hocking, Mrs. Elizabeth (Eliza Needs)",female,54.0,1,3,29105,23.0,,S,1,8,0.3666041202216106,20.947492781724204
776,0,3,"Myhrman, Mr. Pehr Fabian Oliver Malkolm",male,18.0,0,0,347078,7.75,,S,1,62,0.8872108474988751,8.43922615850859
777,0,3,"Tobin, Mr. Roger",male,,0,0,383121,7.75,F38,Q,1,75,2.9643906741974697,11.968868468797037
778,1,3,"Emanuel, Miss. Virginia Ethel",female,5.0,0,0,364516,12.475,,S,0,91,1.7960542194027367,20.872154714587875
779,0,3,"Kilgannon, Mr. Thomas J",male,,0,0,36865,7.7375,,Q,1,18,2.2746790233560508,4.302107147817074
780,1,1,"Robert, Mrs. Edward Scott (Elisabeth Walton McMillan)",female,43.0,0,1,24160,211.3375,B3,S,1,93,0.8832669975237071,10.08541586728814
781,1,3,"Ayoub, Miss. Banoura",female,13.0,0,0,2687,7.2292,,C,1,6,0.37301018311470413,2.4757310270772956
782,1,1,"Dick, Mrs. Albert Adrian (Vera Gillespie)",female,17.0,1,0,17474,57.0,B20,S,1,13,0.8946341281008516,13.31240705929289
783,0,1,"Long, Mr. Milton Clyde",male,29.0,0,0,113501,30.0,D6,S,1,41,1.2258426095272474,21.495405405909764
784,0,3,"Johnston, Mr. Andrew G",male,,1,2,W./C. 6607,23.45,,S,0,94,3.612744309133774,6.674046413234767
785,0,3,"Ali, Mr. William",male,25.0,0,0,SOTON/O.Q. 3101312,7.05,,S,0,94,2.283440822021937,16.68794889675528
786,0,3,"Harmer, Mr. Abraham (David Lishin)",male,25.0,0,0,374887,7.25,,S,0,89,3.727740906883721,8.039028808434814
787,1,3,"Sjoblom, Miss. Anna Sofia",female,18.0,0,0,3101265,7.4958,,S,1,43,3.5041838735158515,14.978092239615886
788,0,3,"Rice, Master. George Hugh",male,8.0,4,1,382652,29.125,,Q,0,11,0.11208786210698296,2.7598157308766824
789,1,3,"Dean, Master. Bertram Vere",male,1.0,1,2,C.A. 2315,20.575,,S,0,57,1.1153148645627713,2.82878852794996
790,0,1,"Guggenheim, Mr. Benjamin",male,46.0,0,0,PC 17593,79.2,B82 B84,C,1,44,1.011891392871207,21.013299368923498
791,0,3,"Keane, Mr. Andrew ""Andy""",male,,0,0,12460,7.75,,Q,1,95,2.1133963271905234,6.796849959728181
792,0,2,"Gaskell, Mr. Alfred",male,16.0,0,0,239865,26.0,,S,1,67,0.6999911072084455,18.252550062288318
793,0,3,"Sage, Miss. Stella Anna",female,,8,2,CA. 2343,69.55,,S,1,67,1.1401103933525283,14.204433017976644
794,0,1,"Hoyt, Mr. William Fisher",male,,0,0,PC 17600,30.6958,,C,1,63,0.4894105822528232,10.548371753851518
795,0,3,"Dantcheff, Mr. Ristiu",male,25.0,0,0,349203,7.8958,,S,0,63,3.092821344557548,0.1487478581452879
796,0,2,"Otter, Mr. Richard",male,39.0,0,0,28213,13.0,,S,0,71,1.2252351172757914,4.696672865781278
797,1,1,"Leader, Dr. Alice (Farnham)",female,49.0,0,0,17465,25.9292,D17,S,0,73,1.372564491789304,7.060378938606514
798,1,3,"Osman, Mrs. Mara",female,31.0,0,0,349244,8.6833,,S,0,20,1.76870117871806,20.89708047088384
799,0,3,"Ibrahim Shawah, Mr. Yousseff",male,30.0,0,0,2685,7.2292,,C,1,14,0.6736697168980603,13.540260216148893
800,0,3,"Van Impe, Mrs. Jean Baptiste (Rosalie Paula Govaert)",female,30.0,1,1,345773,24.15,,S,0,32,2.882835810673521,1.812602430544918
801,0,2,"Ponesell, Mr. Martin",male,34.0,0,0,250647,13.0,,S,1,41,0.18646039098788192,20.141573661089996
802,1,2,"Collyer, Mrs. Harvey (Charlotte Annie Tate)",female,31.0,1,1,C.A. 31921,26.25,,S,1,33,3.1298805802624314,3.3900944742138326
803,1,1,"Carter, Master. William Thornton II",male,11.0,1,2,113760,120.0,B96 B98,S,0,72,1.843971779109871,9.047051090312449
804,1,3,"Thomas, Master. Assad Alexander",male,0.42,0,1,2625,8.5167,,C,0,45,0.14624313194588812,12.098966154026172
805,1,3,"Hedman, Mr. Oskar Arvid",male,27.0,0,0,347089,6.975,,S,0,73,0.544283727676969,8.365492825676986
806,0,3,"Johansson, Mr. Karl Johan",male,31.0,0,0,347063,7.775,,S,1,96,1.4710143408250946,16.85576647838594
807,0,1,"Andrews, Mr. Thomas Jr",male,39.0,0,0,112050,0.0,A36,S,1,24,1.2102911257418487,0.8780486738440052
808,0,3,"Pettersson, Miss. Ellen Natalia",female,18.0,0,0,347087,7.775,,S,0,40,0.8274112347382978,12.604115438795338
809,0,2,"Meyer, Mr. August",male,39.0,0,0,248723,13.0,,S,1,66,2.482643209703353,18.579261539052755
810,1,1,"Chambers, Mrs. Norman Campbell (Bertha Griggs)",female,33.0,1,0,113806,53.1,E8,S,0,67,1.9945972156284215,19.53339704670867
811,0,3,"Alexander, Mr. William",male,26.0,0,0,3474,7.8875,,S,1,62,2.369529091787147,15.818238367426476
812,0,3,"Lester, Mr. James",male,39.0,0,0,A/4 48871,24.15,,S,1,57,1.9281623610850538,17.495759861499486
813,0,2,"Slemen, Mr. Richard James",male,35.0,0,0,28206,10.5,,S,0,33,3.701531498565177,18.219053424950904
814,0,3,"Andersson, Miss. Ebba Iris Alfrida",female,6.0,4,2,347082,31.275,,S,1,84,2.9488359761671776,14.121221638240582
815,0,3,"Tomlin, Mr. Ernest Portage",male,30.5,0,0,364499,8.05,,S,0,0,0.7231242587591757,17.66864625826638
816,0,1,"Fry, Mr. Richard",male,,0,0,112058,0.0,B102,S,1,86,1.1411761628869863,2.6898370853324165
817,0,3,"Heininen, Miss. Wendla Maria",female,23.0,0,0,STON/O2. 3101290,7.925,,S,0,27,2.636289973657511,19.90468580682067
818,0,2,"Mallet, Mr. Albert",male,31.0,1,1,S.C./PARIS 2079,37.0042,,C,0,93,3.148606115966006,4.102647042285939
819,0,3,"Holm, Mr. John Fredrik Alexander",male,43.0,0,0,C 7075,6.45,,S,1,74,1.123030018357119,4.702145023730447
820,0,3,"Skoog, Master. Karl Thorsten",male,10.0,3,2,347088,27.9,,S,0,64,3.6932805386302685,12.226712225190907
821,1,1,"Hays, Mrs. Charles Melville (Clara Jennings Gregg)",female,52.0,1,1,12749,93.5,B69,S,1,67,1.6388595891665978,15.459181201698266
822,1,3,"Lulic, Mr. Nikola",male,27.0,0,0,315098,8.6625,,S,1,99,0.21622942283372515,6.895088406720346
823,0,1,"Reuchlin, Jonkheer. John George",male,38.0,0,0,19972,0.0,,S,0,54,2.501682882054451,17.448103799992708
824,1,3,"Moor, Mrs. (Beila)",female,27.0,0,1,392096,12.475,E121,S,0,50,3.963979673277292,21.208433457925537
825,0,3,"Panula, Master. Urho Abraham",male,2.0,4,1,3101295,39.6875,,S,0,8,3.743531032036345,18.271199566664613
826,0,3,"Flynn, Mr. John",male,,0,0,368323,6.95,,Q,0,77,0.8430250701606954,6.966728337236413
827,0,3,"Lam, Mr. Len",male,,0,0,1601,56.4958,,S,0,69,1.015732340726426,16.254084943793817
828,1,2,"Mallet, Master. Andre",male,1.0,0,2,S.C./PARIS 2079,37.0042,,C,1,40,0.42736431115759865,5.247706167850446
829,1,3,"McCormack, Mr. Thomas Joseph",male,,0,0,367228,7.75,,Q,1,95,0.889868795519964,0.3127769207218887
830,1,1,"Stone, Mrs. George Nelson (Martha Evelyn)",female,62.0,0,0,113572,80.0,B28,,0,96,3.5259834447660894,20.52647234519695
831,1,3,"Yasbeck, Mrs. Antoni (Selini Alexander)",female,15.0,1,0,2659,14.4542,,C,1,87,3.846508733750012,12.425643274793417
832,1,2,"Richards, Master. George Sibley",male,0.83,1,1,29106,18.75,,S,0,14,0.7535119584921097,10.820836366333634
833,0,3,"Saad, Mr. Amin",male,,0,0,2671,7.2292,,C,0,97,0.7554341130949429,13.575246711184365
834,0,3,"Augustsson, Mr. Albert",male,23.0,0,0,347468,7.8542,,S,1,26,2.157636128958406,13.65970274987243
835,0,3,"Allum, Mr. Owen George",male,18.0,0,0,2223,8.3,,S,1,27,3.2672804639704025,10.790109447262292
836,1,1,"Compton, Miss. Sara Rebecca",female,39.0,1,1,PC 17756,83.1583,E49,C,1,14,1.6850974379034453,14.992146235433875
837,0,3,"Pasic, Mr. Jakob",male,21.0,0,0,315097,8.6625,,S,0,87,2.0498727061201616,17.80392612069339
838,0,3,"Sirota, Mr. Maurice",male,,0,0,392092,8.05,,S,1,64,3.7554188465201426,20.837056011554346
839,1,3,"Chip, Mr. Chang",male,32.0,0,0,1601,56.4958,,S,1,22,3.9710521223656245,10.530762589655538
840,1,1,"Marechal, Mr. Pierre",male,,0,0,11774,29.7,C47,C,1,30,3.849500646140056,7.751961371726508
841,0,3,"Alhomaki, Mr. Ilmari Rudolf",male,20.0,0,0,SOTON/O2 3101287,7.925,,S,1,45,1.934664721855281,4.161338873804972
842,0,2,"Mudd, Mr. Thomas Charles",male,16.0,0,0,S.O./P.P. 3,10.5,,S,1,87,2.546347315241465,13.618518735962336
843,1,1,"Serepeca, Miss. Augusta",female,30.0,0,0,113798,31.0,,C,0,7,1.6760786865078132,0.3165894173751078
844,0,3,"Lemberopolous, Mr. Peter L",male,34.5,0,0,2683,6.4375,,C,1,40,1.412808564178686,8.669220502568868
845,0,3,"Culumovic, Mr. Jeso",male,17.0,0,0,315090,8.6625,,S,0,23,2.237726041213302,3.2565113192538657
846,0,3,"Abbing, Mr. Anthony",male,42.0,0,0,C.A. 5547,7.55,,S,0,9,0.41432664323442925,6.229479469918733
847,0,3,"Sage, Mr. Douglas Bullen",male,,8,2,CA. 2343,69.55,,S,1,72,2.4732340430771473,20.69036723162252
848,0,3,"Markoff, Mr. Marin",male,35.0,0,0,349213,7.8958,,C,0,2,0.6486251720749201,18.27402093966197
849,0,2,"Harper, Rev. John",male,28.0,0,1,248727,33.0,,S,1,79,2.5734356178105253,3.5162042268398177
850,1,1,"Goldenberg, Mrs. Samuel L (Edwiga Grabowska)",female,,1,0,17453,89.1042,C92,C,1,50,0.7650774743989435,13.22124252712696
851,0,3,"Andersson, Master. Sigvard Harald Elias",male,4.0,4,2,347082,31.275,,S,0,31,3.017391730733978,5.626117708312265
852,0,3,"Svensson, Mr. Johan",male,74.0,0,0,347060,7.775,,S,0,15,2.242196800059678,6.569723450221829
853,0,3,"Boulos, Miss. Nourelain",female,9.0,1,1,2678,15.2458,,C,1,18,0.9266725869376322,5.819131818437782
854,1,1,"Lines, Miss. Mary Conover",female,16.0,0,1,PC 17592,39.4,D28,S,0,79,1.8389317336143889,10.642873588721237
855,0,2,"Carter, Mrs. Ernest Courtenay (Lilian Hughes)",female,44.0,1,0,244252,26.0,,S,1,88,0.835213478134166,3.797064757642187
856,1,3,"Aks, Mrs. Sam (Leah Rosen)",female,18.0,0,1,392091,9.35,,S,1,55,1.9879867557600597,14.638305265706743
857,1,1,"Wick, Mrs. George Dennick (Mary Hitchcock)",female,45.0,1,1,36928,164.8667,,S,0,79,3.0980069211074364,14.556058509925295
858,1,1,"Daly, Mr. Peter Denis ",male,51.0,0,0,113055,26.55,E17,S,0,27,1.005958977622536,6.807611810500805
859,1,3,"Baclini, Mrs. Solomon (Latifa Qurban)",female,24.0,0,3,2666,19.2583,,C,1,26,2.00083928555569,2.788832837584826
860,0,3,"Razi, Mr. Raihed",male,,0,0,2629,7.2292,,C,0,44,3.313301556134349,10.349312159962395
861,0,3,"Hansen, Mr. Claus Peter",male,41.0,2,0,350026,14.1083,,S,1,2,3.539319808537895,14.844397743480377
862,0,2,"Giles, Mr. Frederick Edward",male,21.0,1,0,28134,11.5,,S,0,69,0.4092469045485303,15.033231916557526
863,1,1,"Swift, Mrs. Frederick Joel (Margaret Welles Barron)",female,48.0,0,0,17466,25.9292,D17,S,1,77,3.6823134630527723,7.853828657299818
864,0,3,"Sage, Miss. Dorothy Edith ""Dolly""",female,,8,2,CA. 2343,69.55,,S,1,0,1.4202944380798264,12.867568190846187
865,0,2,"Gill, Mr. John William",male,24.0,0,0,233866,13.0,,S,0,52,3.7995162353659997,1.6721331128354628
866,1,2,"Bystrom, Mrs. (Karolina)",female,42.0,0,0,236852,13.0,,S,1,82,2.1823673999579927,13.157195380107193
867,1,2,"Duran y More, Miss. Asuncion",female,27.0,1,0,SC/PARIS 2149,13.8583,,C,0,84,0.1389961908828088,1.970473012233907
868,0,1,"Roebling, Mr. Washington Augustus II",male,31.0,0,0,PC 17590,50.4958,A24,S,1,59,1.1454357581099095,19.300316420959195
869,0,3,"van Melkebeke, Mr. Philemon",male,,0,0,345777,9.5,,S,1,8,2.055864012997765,20.609361711152303
870,1,3,"Johnson, Master. Harold Theodor",male,4.0,1,1,347742,11.1333,,S,0,93,2.8278206700106607,2.878116701020705
871,0,3,"Balkic, Mr. Cerin",male,26.0,0,0,349248,7.8958,,S,0,42,0.2593127067061962,16.48197036012783
872,1,1,"Beckwith, Mrs. Richard Leonard (Sallie Monypeny)",female,47.0,1,1,11751,52.5542,D35,S,1,7,3.030275647492234,8.919475706475799
873,0,1,"Carlsson, Mr. Frans Olof",male,33.0,0,0,695,5.0,B51 B53 B55,S,1,86,1.8199163201968664,16.009274164518956
874,0,3,"Vander Cruyssen, Mr. Victor",male,47.0,0,0,345765,9.0,,S,1,17,2.765590286974355,6.31005147111472
875,1,2,"Abelson, Mrs. Samuel (Hannah Wizosky)",female,28.0,1,0,P/PP 3381,24.0,,C,1,56,0.7318434742986395,12.672569796393397
876,1,3,"Najib, Miss. Adele Kiamie ""Jane""",female,15.0,0,0,2667,7.225,,C,0,53,3.6062320101409804,20.027166233511778
877,0,3,"Gustafsson, Mr. Alfred Ossian",male,20.0,0,0,7534,9.8458,,S,0,44,1.1961392231285144,1.2085244560987414
878,0,3,"Petroff, Mr. Nedelio",male,19.0,0,0,349212,7.8958,,S,0,69,0.8339952501215162,0.1767859925211328
879,0,3,"Laleff, Mr. Kristo",male,,0,0,349217,7.8958,,S,0,89,1.8545300186880609,15.01374375099316
880,1,1,"Potter, Mrs. Thomas Jr (Lily Alexenia Wilson)",female,56.0,0,1,11767,83.1583,C50,C,0,27,2.527681975724056,2.706444236249531
881,1,2,"Shelley, Mrs. William (Imanita Parrish Hall)",female,25.0,0,1,230433,26.0,,S,1,81,3.6782880519124714,1.7539762905941285
882,0,3,"Markun, Mr. Johann",male,33.0,0,0,349257,7.8958,,S,0,86,1.291330913349325,8.31855746012632
883,0,3,"Dahlberg, Miss. Gerda Ulrika",female,22.0,0,0,7552,10.5167,,S,1,26,0.8777615713724525,1.5292485124652444
884,0,2,"Banfield, Mr. Frederick James",male,28.0,0,0,C.A./SOTON 34068,10.5,,S,0,53,0.02992020748412605,17.61007883765664
885,0,3,"Sutehall, Mr. Henry Jr",male,25.0,0,0,SOTON/OQ 392076,7.05,,S,0,21,3.844692032508387,18.292119209024413
886,0,3,"Rice, Mrs. William (Margaret Norton)",female,39.0,0,5,382652,29.125,,Q,1,38,3.1638770865038475,3.291958224196752
887,0,2,"Montvila, Rev. Juozas",male,27.0,0,0,211536,13.0,,S,0,73,3.2971196886444334,15.415094827080827
888,1,1,"Graham, Miss. Margaret Edith",female,19.0,0,0,112053,30.0,B42,S,0,7,0.5231358182033738,5.792775319843413
889,0,3,"Johnston, Miss. Catherine Helen ""Carrie""",female,,1,2,W./C. 6607,23.45,,S,0,4,3.1067772238444005,19.472311640883028
890,1,1,"Behr, Mr. Karl Howell",male,26.0,0,0,111369,30.0,C148,C,1,45,0.285168206210785,17.12552994763325
891,0,3,"Dooley, Mr. Patrick",male,32.0,0,0,370376,7.75,,Q,0,24,3.397290225365205,8.076312941140646
